{"type":"FeatureCollection","features":[{"type":"Feature","properties":{"code":"104603","name":"บางชัน","parentCode":"1046"},"geometry":{"type":"Polygon","coordinates":[[[100.7274196102937,13.864499630690256],[100.69233087822495,13.860866154008253],[100.68675927511688,13.859392907938412],[100.68154405022909,13.85906724674992],[100.67976938735747,13.858392495103187],[100.67689453704422,13.857728657963065],[100.67459758728931,13.855571710952491],[100.67084689134244,13.853538775178688],[100.67084216694936,13.852877853996445],[100.67124805313006,13.852475121436559],[100.674102310511,13.852211581493327],[100.67688557218443,13.851643438701537],[100.67871039221984,13.850534999845227],[100.68036195104196,13.85017907516315],[100.68384780482708,13.848110142334303],[100.6842978679478,13.847022411466664],[100.68560430959805,13.84523281463179],[100.68681327625396,13.840430629952515],[100.68780452057631,13.838631897484674],[100.68835837186023,13.836067892244248],[100.68792352630072,13.834691365760694],[100.69065100151741,13.832357555180813],[100.69096856836643,13.830941951481462],[100.69194016781864,13.830194083294325],[100.69530756757077,13.82419405032036],[100.69558294121013,13.821665856395116],[100.6961815037876,13.820821129642642],[100.69701216035111,13.820415428229524],[100.6966549502828,13.817227270582896],[100.69687822193683,13.815489184814787],[100.70182591962929,13.818436537268115],[100.70356784300033,13.818859433966153],[100.70460032818815,13.819421695370442],[100.70560637871483,13.820481256265547],[100.70591524944483,13.821220271514772],[100.7120162984225,13.822089544264468],[100.71225122001532,13.82156592892941],[100.71544970652265,13.821878014240056],[100.71454797649415,13.825205976300307],[100.71461113827138,13.831385625165804],[100.72017994682525,13.831535302236192],[100.72008389180847,13.835614598132489],[100.72026109137336,13.837306942509562],[100.72234225328394,13.837456150549905],[100.72234732392683,13.827536373723072],[100.72979105824444,13.827724640213276],[100.72932889848586,13.864751647780711],[100.7274987919617,13.864495682179195],[100.7274196102937,13.864499630690256]]]}},{"type":"Feature","properties":{"code":"100301","name":"กระทุ่มราย","parentCode":"1003"},"geometry":{"type":"Polygon","coordinates":[[[100.85658869432699,13.857985149328954],[100.84852798727232,13.857568276340604],[100.848515535316,13.855628607218582],[100.8486478108632,13.853421226593724],[100.85059816327332,13.846161474863097],[100.85076471138603,13.841492132533038],[100.85268756604138,13.839975049152583],[100.85625575531962,13.838111096129374],[100.85566749192012,13.835295725836227],[100.85593653786731,13.832263732276235],[100.85548797127846,13.828763809895474],[100.85532671247364,13.82409582025685],[100.8564226357092,13.822995073040275],[100.85680338707304,13.820711250871863],[100.85863945206741,13.819208356763426],[100.85921705975852,13.819081969437534],[100.86069790684859,13.818927270120506],[100.86107832818469,13.819955833725672],[100.8614487104504,13.820084074186248],[100.87374495765297,13.815064873229053],[100.87593986006398,13.814363493811664],[100.88839311515042,13.803803406669662],[100.90750174792097,13.786436717099246],[100.90948347378641,13.789846620480365],[100.91042634201361,13.790870721184165],[100.92864902567469,13.801502385312261],[100.93619266458218,13.811516524625896],[100.93850886445931,13.814265991888174],[100.90785024506614,13.838008634652788],[100.90895726092562,13.84105812968225],[100.91012855353394,13.842984188306556],[100.91171796686605,13.844928440212504],[100.91259236730272,13.846808220479453],[100.88692689051372,13.851959961341795],[100.88247970712872,13.852557921044845],[100.8720370351485,13.855556066080812],[100.86664251061322,13.856775565899387],[100.85953577227276,13.858029432427283],[100.85665810246785,13.85798914173548],[100.85658869432699,13.857985149328954]]]}},{"type":"Feature","properties":{"code":"100305","name":"โคกแฝด","parentCode":"1003"},"geometry":{"type":"Polygon","coordinates":[[[100.84650373586541,13.8573948881422],[100.83754227875588,13.8566082369189],[100.81464110291792,13.853767133489967],[100.80841026795665,13.853503678713155],[100.80850300315284,13.850843532363465],[100.80641691854059,13.845353588350159],[100.80683993689104,13.842488775718202],[100.80777175115868,13.839334379926902],[100.80801532121646,13.836964597105506],[100.80686053644473,13.833775877922507],[100.80675169917733,13.83270679172826],[100.8058772774819,13.829886559475312],[100.80565864434107,13.827246776148717],[100.80590226311476,13.826154758174118],[100.80387010959944,13.825821741801459],[100.80353484109267,13.824696699449056],[100.80143297213691,13.820482287428517],[100.80089485307897,13.81740422566299],[100.80147433012183,13.816312004788166],[100.80150721697946,13.810285571273408],[100.80168476549233,13.809545398782785],[100.80245151332576,13.80868001765521],[100.80358266990065,13.807923805595724],[100.80650645383717,13.80831920148656],[100.807779572039,13.808060154014871],[100.80914771425012,13.809105281238402],[100.8143709449812,13.815260105339243],[100.81588352007215,13.81628604221405],[100.81889483854816,13.81766803701398],[100.82077348167566,13.820124889685514],[100.82262104168457,13.823262067934207],[100.82360585723761,13.826802185298158],[100.82607445889833,13.823945874649207],[100.82827995637061,13.822566964570436],[100.82916671812377,13.820719986608095],[100.83201240332887,13.818202004963064],[100.83456630221475,13.817553655606568],[100.83801252781302,13.818361626974914],[100.8405166302404,13.816527355580618],[100.84299338634803,13.815337223981887],[100.84433161859644,13.81557006851165],[100.84797814051453,13.817370567224124],[100.85050074142053,13.817379804619934],[100.8537234763677,13.820549260277264],[100.85441110252683,13.821541623901805],[100.85534703768865,13.824034660698453],[100.85548797127846,13.828763809895474],[100.85594132169602,13.832429768228533],[100.85566749192012,13.835295725836227],[100.85625575531962,13.838111096129374],[100.85268756604138,13.839975049152583],[100.85076471138603,13.841492132533038],[100.85059816327332,13.846161474863097],[100.84861944538079,13.853562658145394],[100.84852798727232,13.857568276340604],[100.84657315203445,13.857400013133597],[100.84650373586541,13.8573948881422]]]}},{"type":"Feature","properties":{"code":"103001","name":"ลาดยาว","parentCode":"1030"},"geometry":{"type":"Polygon","coordinates":[[[100.58657667977604,13.858940834567749],[100.58626858705424,13.858954130318109],[100.58566560227405,13.858455241434472],[100.58400142786277,13.858269416509785],[100.58340958742572,13.857963658418555],[100.58171698713903,13.858019796294826],[100.57605955592636,13.85746422652419],[100.57249963285014,13.856617109135911],[100.56930006631461,13.856476065497686],[100.5655630929244,13.855779122178033],[100.56532666099149,13.855441667049252],[100.56283376629584,13.855142353374449],[100.55685309974437,13.853878818213312],[100.54380501544671,13.849879106208517],[100.54333997255324,13.848888855940412],[100.53909274755635,13.830541111016231],[100.54311160487673,13.830215302471947],[100.5524451830179,13.830219672952108],[100.55857530429415,13.830840650576135],[100.5599988910183,13.830697141848642],[100.5627072185567,13.829877675722662],[100.56834775824761,13.827148015493245],[100.5866916424794,13.858329955091191],[100.58659129813948,13.858879726472743],[100.58657667977604,13.858940834567749]]]}},{"type":"Feature","properties":{"code":"103605","name":"สนามบิน","parentCode":"1036"},"geometry":{"type":"Polygon","coordinates":[[[100.60940138772374,13.954097987415416],[100.60668143022421,13.953992814310382],[100.60870918541309,13.937095921487131],[100.60853806832257,13.934602321005343],[100.60784430437451,13.932138155198256],[100.58457973841159,13.890395996070353],[100.58673067133006,13.89001482472598],[100.58797941929869,13.889370590550657],[100.58886743119547,13.889591921110103],[100.59043698462341,13.8892676026572],[100.59477599933882,13.887604391598234],[100.59852438763731,13.89072771115917],[100.60580448346515,13.895446861462007],[100.6071426075189,13.897201776401115],[100.610878376785,13.899625569529634],[100.62640313824508,13.925992839655947],[100.6264866499316,13.927348105366535],[100.62237658734375,13.950340902380347],[100.61435579007959,13.954362308129236],[100.61248661043496,13.95424251396936],[100.60940138772374,13.954097987415416]]]}},{"type":"Feature","properties":{"code":"103602","name":"สีกัน","parentCode":"1036"},"geometry":{"type":"Polygon","coordinates":[[[100.60668143022421,13.953992814310382],[100.60432981034174,13.953869362194258],[100.6052962063728,13.94790749154398],[100.60565366848527,13.944143826061314],[100.5911548145156,13.950508675896954],[100.57424811063467,13.954565310944398],[100.57315594907146,13.954301206945319],[100.56869751876958,13.951768566206672],[100.56783257830568,13.951571893458079],[100.56375700907597,13.934411496598328],[100.58740341505664,13.926855614523483],[100.60038691851064,13.923440977908298],[100.6025929702654,13.922544058872381],[100.60753211090571,13.931404676049073],[100.60853806832257,13.934602321005343],[100.60865275431749,13.93805102700083],[100.60687388075968,13.952297883107336],[100.60668143022421,13.953992814310382]]]}},{"type":"Feature","properties":{"code":"100304","name":"คลองสิบสอง","parentCode":"1003"},"geometry":{"type":"Polygon","coordinates":[[[100.90107002338503,13.898920984333554],[100.90405815236682,13.898484223330742],[100.90798974761188,13.89661550001777],[100.91377781284275,13.94330237160108],[100.91412111584997,13.948675888467635],[100.89343720029314,13.946676606118269],[100.84809994943787,13.941575328164143],[100.84777249221057,13.937780780607563],[100.84772760626036,13.932136970524798],[100.84802318266341,13.9100201698993],[100.84898464381772,13.906938874674191],[100.85058411757471,13.904468444693343],[100.85008615081377,13.902927872990663],[100.85035762067085,13.901361132254134],[100.85026991747606,13.900293066989047],[100.8491428568923,13.897587982167655],[100.8496004243733,13.896373438984602],[100.85021507009608,13.8907641630177],[100.8504937958261,13.890621964056534],[100.85083692880575,13.889779970070219],[100.84941932846516,13.887177626970091],[100.84936063617853,13.886338676776067],[100.84980002325366,13.885530977376181],[100.8529298399141,13.884733393678228],[100.85503374498379,13.883623846636231],[100.85778141018127,13.882618975740732],[100.8584530988624,13.882670355327845],[100.85959712652944,13.881773683268902],[100.86181688418121,13.883306772314603],[100.86311076397091,13.885029915169678],[100.86321836996846,13.885688856558836],[100.86608408051974,13.886071427838626],[100.87203880121903,13.88872139446525],[100.87230916069765,13.890131476949199],[100.87630058238133,13.891290444024278],[100.87805682084701,13.89217959197889],[100.88698745163006,13.8894932012885],[100.89385604757345,13.888732842175276],[100.89644661816571,13.89182057526203],[100.89738325750594,13.89252501607648],[100.89838726618858,13.89418805184387],[100.89927699394352,13.894739209017153],[100.89987200933872,13.898218596101405],[100.90100177960436,13.898919256453063],[100.90107002338503,13.898920984333554]]]}},{"type":"Feature","properties":{"code":"104201","name":"สายไหม","parentCode":"1042"},"geometry":{"type":"Polygon","coordinates":[[[100.62237658734375,13.950340902380347],[100.62654681327106,13.926853957914789],[100.62628914828872,13.92573712424401],[100.6227338755284,13.9196742979715],[100.62966894538151,13.915563962541443],[100.63564782962423,13.913187406893984],[100.63616639619312,13.908058933976692],[100.63688780352562,13.905873487753967],[100.63913861656557,13.904974836883289],[100.64157648899561,13.905019462122373],[100.64207916222729,13.904791240565283],[100.64280958515376,13.903564960762305],[100.64339019762392,13.901269724434346],[100.64392460652543,13.900623243849498],[100.64453515147521,13.900604442840946],[100.64646861988592,13.901700916455182],[100.64844502259272,13.901589280547293],[100.64968596829922,13.901252111676378],[100.6508021891679,13.901349640366153],[100.65350773145151,13.902448740296885],[100.6577975879274,13.903676020291076],[100.65894078330321,13.90447382651291],[100.65999939037499,13.905735434779453],[100.66062058595408,13.908506087420987],[100.66057145170801,13.910941219859668],[100.65921021825507,13.913716323725726],[100.65898222058141,13.914670327401923],[100.65915510419966,13.915314288200985],[100.65999918220045,13.915437344466094],[100.66019994305415,13.915854017490624],[100.66547799456372,13.915645161486026],[100.68686755841168,13.91624382126103],[100.68758718159565,13.917147219257696],[100.68710275526301,13.920684654748626],[100.68763016847443,13.922434487770815],[100.68850999240846,13.92397172959616],[100.68865457565809,13.92500677334583],[100.68928732485587,13.925888167763814],[100.68970924055317,13.929032921430474],[100.68965558772283,13.930960766146203],[100.66384163319378,13.93031818439686],[100.64238845886838,13.93123770153493],[100.64055158453873,13.93156982502024],[100.63969942416065,13.932194717661279],[100.6395788390073,13.932646337210267],[100.63967944844184,13.93764183458121],[100.62651955409541,13.937998998040346],[100.62547920512542,13.947857119112156],[100.62507600988594,13.948760302790909],[100.6245331622163,13.949297218235369],[100.62237658734375,13.950340902380347]]]}},{"type":"Feature","properties":{"code":"100303","name":"คลองสิบ","parentCode":"1003"},"geometry":{"type":"Polygon","coordinates":[[[100.84809994943787,13.941575328164143],[100.84002643574837,13.940715753169451],[100.83314469750871,13.939536253298439],[100.82392506572654,13.93743525571836],[100.79259981316167,13.93151519203616],[100.79223196602442,13.897424935711573],[100.79285455882169,13.897026076340564],[100.79285918357031,13.89401972995115],[100.79522175835925,13.893706373893494],[100.79726654164907,13.892599979982311],[100.79936883723255,13.892130333771856],[100.80101910240683,13.891456128284561],[100.80285819495569,13.891348789691808],[100.80484739106427,13.890912696720227],[100.80735792353468,13.889479672598625],[100.80887239970637,13.889196189963023],[100.80902949785826,13.890365456736685],[100.80944347786607,13.891032338105598],[100.81071610593632,13.891100859650704],[100.81212986340039,13.890654288162937],[100.8130667887713,13.89082922585247],[100.81516303922176,13.892561388088803],[100.81889815818347,13.894088138288325],[100.82433661018355,13.895665370856172],[100.82845506560803,13.895480918542674],[100.82972742743469,13.895881485626193],[100.82835500083688,13.893929393869506],[100.82875467693809,13.892839583344818],[100.82876136298991,13.891701877242681],[100.82927507441799,13.889154967860744],[100.83582148345923,13.888624583880594],[100.83774251764503,13.887625003187601],[100.83906791398753,13.887496405941183],[100.84159697574013,13.886322758236712],[100.84708975282385,13.88615702153789],[100.84964456280528,13.885759231328027],[100.84934458619055,13.886429177144334],[100.84941932846516,13.887177626970091],[100.85083992243794,13.889720071447114],[100.8504937958261,13.890621964056534],[100.85021507009608,13.8907641630177],[100.8496004243733,13.896373438984602],[100.8491428568923,13.897587982167655],[100.85026991747606,13.900293066989047],[100.85035762067085,13.901361132254134],[100.85008615081377,13.902927872990663],[100.8505822806048,13.904528334505642],[100.84898464381772,13.906938874674191],[100.84802318266341,13.9100201698993],[100.8478230502413,13.914455898632053],[100.84777249221057,13.937780780607563],[100.84809994943787,13.941575328164143]]]}},{"type":"Feature","properties":{"code":"100302","name":"หนองจอก","parentCode":"1003"},"geometry":{"type":"Polygon","coordinates":[[[100.90107002338503,13.898920984333554],[100.89987200933872,13.898218596101405],[100.89927699394352,13.894739209017153],[100.89838726618858,13.89418805184387],[100.89738325750594,13.89252501607648],[100.89644661816571,13.89182057526203],[100.89385604757345,13.888732842175276],[100.88698745163006,13.8894932012885],[100.87805682084701,13.89217959197889],[100.87630058238133,13.891290444024278],[100.87230916069765,13.890131476949199],[100.87203880121903,13.88872139446525],[100.86608408051974,13.886071427838626],[100.86321836996846,13.885688856558836],[100.86311076397091,13.885029915169678],[100.86181688418121,13.883306772314603],[100.85959712652944,13.881773683268902],[100.8584530988624,13.882670355327845],[100.85772086589765,13.882639771223415],[100.85503374498379,13.883623846636231],[100.8529298399141,13.884733393678228],[100.8502678165639,13.885316175237573],[100.84964456280528,13.885759231328027],[100.84708975282385,13.88615702153789],[100.84159697574013,13.886322758236712],[100.83906791398753,13.887496405941183],[100.83774251764503,13.887625003187601],[100.83582148345923,13.888624583880594],[100.82927507441799,13.889154967860744],[100.82924927489121,13.888298812022077],[100.83036350487109,13.886459145079284],[100.8319538165576,13.881852544402845],[100.83240455965867,13.877256743154724],[100.83222539242232,13.874172745400038],[100.83146761888835,13.868599725648615],[100.82896517848782,13.865185139857957],[100.82871829871668,13.864445869148062],[100.82959594081453,13.862822635679198],[100.82991655496342,13.861018286872959],[100.83117039120833,13.858932428973414],[100.83168358671256,13.855883914553202],[100.85105938601544,13.85783045167884],[100.85953577227276,13.858029432427283],[100.87086745606221,13.855839530490545],[100.88247970712872,13.852557921044845],[100.8857493037708,13.852176901112248],[100.8954726848313,13.850137254364103],[100.90213879227778,13.849007826193331],[100.90444767427118,13.858654534019339],[100.90475626211166,13.859064476075686],[100.90542655818764,13.85923775241222],[100.90622912206297,13.860600706686384],[100.90618531688035,13.871311789280085],[100.90643793144974,13.880577919465841],[100.90789283660351,13.896643369381126],[100.90405815236682,13.898484223330742],[100.90113594522069,13.898921600575715],[100.90107002338503,13.898920984333554]]]}},{"type":"Feature","properties":{"code":"100502","name":"อนุสาวรีย์","parentCode":"1005"},"geometry":{"type":"Polygon","coordinates":[[[100.610878376785,13.899625569529634],[100.6071426075189,13.897201776401115],[100.60580448346515,13.895446861462007],[100.59852438763731,13.89072771115917],[100.59600026875147,13.888796319287435],[100.58978784898281,13.88209712873724],[100.5881914626027,13.879662458122613],[100.58652045139789,13.858664379295055],[100.587527324158,13.856568707759793],[100.58767552966579,13.852339744626855],[100.58903312493177,13.845959561012183],[100.58998445910814,13.843953505576472],[100.5940278489569,13.845350877095932],[100.59696336292708,13.845796138546376],[100.59864732520332,13.846352353065669],[100.6023227204045,13.846853731060476],[100.60431466245072,13.848138914652283],[100.6069718006866,13.849295431306038],[100.60869149884807,13.84907285722998],[100.61419012391504,13.849099954749283],[100.61899315943387,13.848537218852258],[100.6199599018817,13.84971153384941],[100.62088467191079,13.85016752874508],[100.62221580655228,13.85169306678119],[100.62563908290349,13.854836230906054],[100.62611681744555,13.855855580867285],[100.62692053568081,13.855611840903816],[100.62876581394023,13.859137154631746],[100.62934336449594,13.85954231894263],[100.62796952893834,13.86434883301277],[100.62806544817785,13.869316174397335],[100.62411179839512,13.8695978052277],[100.62427835801488,13.870932191915522],[100.6210365095983,13.871386436143068],[100.62082857871896,13.871752758704456],[100.62174610107354,13.873815448411909],[100.62141562620846,13.876102214879472],[100.62160181005872,13.877765262277016],[100.62203259793534,13.879095637691544],[100.62299830088939,13.880596458911045],[100.62306326421529,13.88303539067071],[100.62237696231738,13.883463644547124],[100.61895272536088,13.884325838936258],[100.61632280352312,13.885578186110628],[100.6125190454523,13.886172768391868],[100.61104171681818,13.886695472248867],[100.6094245241825,13.887733176018353],[100.60882816406209,13.888379997362327],[100.60895028222957,13.888981410038635],[100.61009408281632,13.890903681737322],[100.61139977105256,13.892400047952666],[100.60864186429704,13.895823638467462],[100.610878376785,13.899625569529634]]]}},{"type":"Feature","properties":{"code":"100306","name":"คู้ฝั่งเหนือ","parentCode":"1003"},"geometry":{"type":"Polygon","coordinates":[[[100.8256761423018,13.895709586197778],[100.82427114111651,13.895648913835617],[100.8162520007795,13.893101222395625],[100.81489444463081,13.892374714609334],[100.81342418508692,13.89098473804477],[100.81270339393855,13.890720076695594],[100.81206286366711,13.890663823350618],[100.81071610593632,13.891100859650704],[100.80950728064677,13.891057849791373],[100.80906679187802,13.890477027435816],[100.80887239970637,13.889196189963023],[100.80735792353468,13.889479672598625],[100.80484739106427,13.890912696720227],[100.80285819495569,13.891348789691808],[100.80101910240683,13.891456128284561],[100.79906365103155,13.892220703908462],[100.79817167390034,13.89225099792208],[100.7978386577199,13.891207287437961],[100.79595841831639,13.890627992748492],[100.79495420894001,13.888848083141609],[100.79455655519592,13.886841149132243],[100.79402484690134,13.88619769651376],[100.79279232095772,13.885701737862988],[100.7924170710427,13.884048250102081],[100.7909629837919,13.88195528033611],[100.79007843534886,13.881216112229179],[100.78910004271981,13.88090581095391],[100.7884341845297,13.88025767581299],[100.78741209017443,13.879978190655839],[100.79346371386934,13.86298958056229],[100.79942888512024,13.849512852839865],[100.80663469846225,13.853412847852013],[100.81464110291792,13.853767133489967],[100.83168358671256,13.855883914553202],[100.83117039120833,13.858932428973414],[100.82991655496342,13.861018286872959],[100.82959594081453,13.862822635679198],[100.82871127543322,13.864582621303665],[100.83146761888835,13.868599725648615],[100.83236494758894,13.876188299332652],[100.8323465088564,13.878773299354302],[100.83199289471249,13.881674881317053],[100.83043501547712,13.886288016640519],[100.82919973372596,13.888469774828566],[100.82929512069764,13.889277960127348],[100.82876136298991,13.891701877242681],[100.82877514003013,13.892720806670406],[100.82835500083688,13.893929393869506],[100.82972742743469,13.895881485626193],[100.82845506560803,13.895480918542674],[100.82574373833313,13.895702303110635],[100.8256761423018,13.895709586197778]]]}},{"type":"Feature","properties":{"code":"104102","name":"ตลาดบางเขน","parentCode":"1041"},"geometry":{"type":"Polygon","coordinates":[[[100.58385968668192,13.890553199667025],[100.58289308072,13.890680361847112],[100.58276349516241,13.8905026812915],[100.56349071042251,13.855158496728015],[100.5688190383656,13.856395536339969],[100.57249963285014,13.856617109135911],[100.57605955592636,13.85746422652419],[100.58171698713903,13.858019796294826],[100.58340958742572,13.857963658418555],[100.58400142786277,13.858269416509785],[100.58566560227405,13.858455241434472],[100.58626858705424,13.858954130318109],[100.58657667977604,13.858940834567749],[100.5881914626027,13.879662458122613],[100.58936870253106,13.88160158013916],[100.59477599933882,13.887604391598234],[100.59043698462341,13.8892676026572],[100.58886743119547,13.889591921110103],[100.58797941929869,13.889370590550657],[100.58673067133006,13.89001482472598],[100.58394816016308,13.890552625912864],[100.58385968668192,13.890553199667025]]]}},{"type":"Feature","properties":{"code":"100508","name":"ท่าแร้ง","parentCode":"1005"},"geometry":{"type":"Polygon","coordinates":[[[100.65315747142525,13.886333922060599],[100.65264693763702,13.885119406258204],[100.65267081405383,13.882939777646863],[100.64424432130608,13.882740142271757],[100.643101359484,13.883266428938857],[100.64295561116036,13.885724827674332],[100.64151109837405,13.886049763889144],[100.6402415720755,13.886754276726395],[100.6372082508068,13.885634602606844],[100.63405042661108,13.885146178047309],[100.63242550208344,13.885804444350882],[100.62965271234691,13.885551788164436],[100.62685022973756,13.884192039251953],[100.62539181639647,13.88410231709277],[100.62533426136682,13.883394279751675],[100.6246980043252,13.883369133904434],[100.62432581720357,13.882984067721127],[100.62306326421529,13.88303539067071],[100.62299830088939,13.880596458911045],[100.62203259793534,13.879095637691544],[100.62160181005872,13.877765262277016],[100.62141562620846,13.876102214879472],[100.62174610107354,13.873815448411909],[100.62082857871896,13.871752758704456],[100.6210365095983,13.871386436143068],[100.62427835801488,13.870932191915522],[100.62411179839512,13.8695978052277],[100.62806544817785,13.869316174397335],[100.62796952893834,13.86434883301277],[100.6293675657871,13.859613338710055],[100.62876581394023,13.859137154631746],[100.62692053568081,13.855611840903816],[100.62611681744555,13.855855580867285],[100.62563908290349,13.854836230906054],[100.62221580655228,13.85169306678119],[100.62088467191079,13.85016752874508],[100.6199599018817,13.84971153384941],[100.61899315943387,13.848537218852258],[100.6209160912757,13.84802736233802],[100.62352312914295,13.845872401260678],[100.62790270568122,13.84354520674988],[100.62870609311973,13.842678916192439],[100.63298925526657,13.842541943371169],[100.63575063009453,13.843716652615893],[100.63909035524438,13.846070415282524],[100.64110856393835,13.846708828042123],[100.64814368313564,13.84762083994968],[100.64790797093286,13.846333268582],[100.64879580113104,13.846219958675597],[100.6520750739441,13.846951474021113],[100.65313592327115,13.846859579100057],[100.65687416789191,13.847903155559925],[100.65789275094033,13.84772113831934],[100.65920349308354,13.847891909122175],[100.6592302444211,13.848810289741943],[100.66121821097323,13.849170792424854],[100.66152997576576,13.850003630134088],[100.66101975152117,13.851103037215447],[100.6611726984901,13.852530119232528],[100.66317685418217,13.855973825008473],[100.66479180842883,13.854689520129373],[100.66630898503244,13.855831634808892],[100.66892762969297,13.856814832939271],[100.67205921774818,13.857243139012905],[100.6755091590782,13.856429796972186],[100.67689453704422,13.857728657963065],[100.67976938735747,13.858392495103187],[100.68050702825036,13.858778353380679],[100.68115912069436,13.85989014799153],[100.68219041215386,13.860667164150072],[100.68314452715141,13.862046904286862],[100.68416242488343,13.866416856191693],[100.68577465409695,13.86924952763397],[100.68473793723709,13.872455211136113],[100.68452360016246,13.874162727130031],[100.6839923444631,13.874500815382223],[100.68348862571959,13.875851038505033],[100.68176395361517,13.87779943393135],[100.68135105798572,13.879639375450187],[100.67780210929996,13.879592581032064],[100.67583436919017,13.879107824204098],[100.67453451299097,13.880075959488474],[100.67369117652072,13.881086156999398],[100.67314973475548,13.880895532600672],[100.6725032638711,13.879685386691916],[100.66955927201249,13.881112156441699],[100.66914261316334,13.881066418819762],[100.66887153128832,13.880597129534792],[100.668411621717,13.880405937322173],[100.66720683965299,13.880362185687408],[100.66485853311096,13.881079820878538],[100.66470126741501,13.880190580718828],[100.66420112382168,13.87954658899585],[100.6631813938931,13.879017986767456],[100.6617433647263,13.878780331568736],[100.65906388110913,13.879683196488248],[100.65674434098761,13.880954181781266],[100.65589580106095,13.882058138199266],[100.65532523933973,13.885584849240265],[100.65406393549272,13.88556627383399],[100.65380001235185,13.885777081069305],[100.6538311834181,13.886095486078915],[100.65321141629276,13.88627593512115],[100.65315747142525,13.886333922060599]]]}},{"type":"Feature","properties":{"code":"104605","name":"ทรายกองดินใต้","parentCode":"1046"},"geometry":{"type":"Polygon","coordinates":[[[100.78764961218671,13.879132513731834],[100.78741209017443,13.879978190655839],[100.78368614810027,13.878390962501244],[100.7808263143115,13.875960199350503],[100.77963385379755,13.875400605277148],[100.77775095493767,13.874754512593626],[100.77530362009256,13.874775683894663],[100.77422668237789,13.873894364301888],[100.77006539546082,13.872822985479194],[100.76667719080329,13.869995911675732],[100.76513252618231,13.869034319734645],[100.76474355113876,13.865304315034841],[100.76417363551732,13.86394816296631],[100.7644193702498,13.861806576685309],[100.7641491303185,13.858176261326232],[100.76463558852745,13.856522137472055],[100.76463293363538,13.855404798094208],[100.76510602686182,13.85466137715162],[100.76493015879949,13.85426383095451],[100.763436483479,13.85360801917834],[100.75891492619026,13.850781043397147],[100.75825574229337,13.849998313518059],[100.75821520922102,13.84952861131564],[100.75676638357201,13.849526580431002],[100.755971891026,13.849278074819313],[100.7546594115302,13.849725840270679],[100.7538710191273,13.84967386769192],[100.75333878711525,13.847777366146426],[100.75198440931918,13.847339659341056],[100.75016245361797,13.846300844450592],[100.74852907047936,13.844500315308872],[100.74843422681965,13.843877344526568],[100.74895208141746,13.841769968347442],[100.74928373538144,13.838806405782522],[100.75200298804626,13.83383848148186],[100.75187601471737,13.833480113503404],[100.74995950914487,13.832769601057288],[100.74825678933071,13.831423731427781],[100.74601929541791,13.82875188266381],[100.74630494607904,13.826203282409104],[100.74675302661397,13.82473926183702],[100.74857888468378,13.824003184190646],[100.74910593020832,13.823052657460128],[100.74930814713284,13.82210896459186],[100.79942888512024,13.849512852839865],[100.79346371386934,13.86298958056229],[100.78769436985527,13.879012430659047],[100.78764961218671,13.879132513731834]]]}},{"type":"Feature","properties":{"code":"104604","name":"ทรายกองดิน","parentCode":"1046"},"geometry":{"type":"Polygon","coordinates":[[[100.76268861993246,13.868737862701497],[100.72932889848586,13.864751647780711],[100.72964285157339,13.83583431241588],[100.7351833045179,13.83784123293819],[100.73557866297278,13.83775369830648],[100.73580376266969,13.836691218882775],[100.73759717425888,13.837251323412604],[100.73999291278788,13.837412837165699],[100.7403159501791,13.836929248816718],[100.74173129361854,13.836402876833256],[100.74403378719046,13.83499120472704],[100.74552729843836,13.831305340378263],[100.74605956886944,13.828803566602488],[100.74825678933071,13.831423731427781],[100.74995950914487,13.832769601057288],[100.75187601471737,13.833480113503404],[100.75197482257956,13.83409175660906],[100.7491763744564,13.839138202942626],[100.74895208141746,13.841769968347442],[100.74843422681965,13.843877344526568],[100.74852907047936,13.844500315308872],[100.75016245361797,13.846300844450592],[100.75198440931918,13.847339659341056],[100.75333878711525,13.847777366146426],[100.7538710191273,13.84967386769192],[100.7546594115302,13.849725840270679],[100.755971891026,13.849278074819313],[100.75676638357201,13.849526580431002],[100.75821520922102,13.84952861131564],[100.75825574229337,13.849998313518059],[100.75891492619026,13.850781043397147],[100.75996178709934,13.851298874809284],[100.76118572903334,13.852298976575623],[100.76496645405815,13.854323447904207],[100.76510602686182,13.85466137715162],[100.76463293363538,13.855404798094208],[100.76463558852745,13.856522137472055],[100.7641491303185,13.858176261326232],[100.7644193702498,13.861806576685309],[100.76417363551732,13.86394816296631],[100.76474355113876,13.865304315034841],[100.76513252618231,13.869034319734645],[100.76275633183401,13.868746412969529],[100.76268861993246,13.868737862701497]]]}},{"type":"Feature","properties":{"code":"102601","name":"ดินแดง","parentCode":"1026"},"geometry":{"type":"Polygon","coordinates":[[[100.56490041519176,13.755147198990517],[100.56584948512582,13.759242694969705],[100.56654274018113,13.761021264584878],[100.57255113133321,13.76886850989558],[100.57307433750329,13.769925006192555],[100.57344630272523,13.771182458967312],[100.57378431985435,13.778473065055868],[100.57202658455657,13.778103076640045],[100.56803373850754,13.778369782438398],[100.56781872423093,13.775177789466467],[100.56296388272025,13.775554882457484],[100.56210945673737,13.775051617212968],[100.5604252256941,13.773934521566527],[100.55991690977659,13.770003624535095],[100.55788977462325,13.77050966005473],[100.5533957601997,13.773034719899583],[100.54850587237513,13.763987163548489],[100.54346442142165,13.762706981243443],[100.54549348264938,13.761353062453805],[100.54606002863422,13.760493039170939],[100.5471230086447,13.760506705377049],[100.54741395857863,13.759838234882599],[100.55046768179777,13.75865636787207],[100.55249541731723,13.755973640587163],[100.55590885457684,13.75606284632527],[100.56466736714405,13.75521421172278],[100.56490041519176,13.755147198990517]]]}},{"type":"Feature","properties":{"code":"104503","name":"คลองเจ้าคุณสิงห์","parentCode":"1045"},"geometry":{"type":"Polygon","coordinates":[[[100.62368238737228,13.79994356447148],[100.62356677610218,13.800194028201817],[100.61957998502318,13.799527728425053],[100.6161125030327,13.799311024282176],[100.61501246211259,13.799729528572938],[100.60918940096957,13.786351625169205],[100.62929040595651,13.775075453482682],[100.63033176897619,13.780302084650508],[100.63064352034614,13.784247758409052],[100.62907441003819,13.78869286654563],[100.62595933397931,13.788090926211787],[100.62370203191873,13.799858694914596],[100.62368238737228,13.79994356447148]]]}},{"type":"Feature","properties":{"code":"104301","name":"คันนายาว","parentCode":"1043"},"geometry":{"type":"Polygon","coordinates":[[[100.6968027768044,13.815528120417369],[100.69666051423995,13.81735716194564],[100.69701216035111,13.820415428229524],[100.6961815037876,13.820821129642642],[100.69558294121013,13.821665856395116],[100.69530756757077,13.82419405032036],[100.69194016781864,13.830194083294325],[100.69096856836643,13.830941951481462],[100.69065100151741,13.832357555180813],[100.68792352630072,13.834691365760694],[100.68835837186023,13.836067892244248],[100.68780452057631,13.838631897484674],[100.68681327625396,13.840430629952515],[100.68560430959805,13.84523281463179],[100.6842978679478,13.847022411466664],[100.68384780482708,13.848110142334303],[100.68036195104196,13.85017907516315],[100.67871039221984,13.850534999845227],[100.67707409544428,13.851568709406193],[100.6739953956044,13.85221796162977],[100.67320379803964,13.849458665106972],[100.67274836127662,13.842285059121327],[100.67305021771523,13.8402730202404],[100.67455734459479,13.834363855276349],[100.67486298410552,13.829811918736585],[100.67586474392442,13.822039713960416],[100.67718386202606,13.815484433192298],[100.67852072668978,13.81036617925886],[100.68509663926983,13.786759597531866],[100.70496574708145,13.797722051066874],[100.70056576975614,13.804494201825506],[100.70204888513625,13.806706294320103],[100.70218969578036,13.807709732467249],[100.70186866706969,13.809194285594424],[100.69933093137804,13.810858014166982],[100.69868933320267,13.811422846667147],[100.69876765164331,13.811621153802733],[100.69846688805727,13.811597248715966],[100.69776708923202,13.81234777306304],[100.69694960381212,13.81440970789074],[100.69681317630395,13.815367613423113],[100.6968027768044,13.815528120417369]]]}},{"type":"Feature","properties":{"code":"103802","name":"จรเข้บัว","parentCode":"1038"},"geometry":{"type":"Polygon","coordinates":[[[100.61899315943387,13.848537218852258],[100.61419012391504,13.849099954749283],[100.60869149884807,13.84907285722998],[100.6069718006866,13.849295431306038],[100.60431466245072,13.848138914652283],[100.6023227204045,13.846853731060476],[100.59864732520332,13.846352353065669],[100.59696336292708,13.845796138546376],[100.5940278489569,13.845350877095932],[100.58998445910814,13.843953505576472],[100.59106621714139,13.838172812541266],[100.59072748571431,13.835375173955464],[100.59592126547669,13.835080418247145],[100.59648180253227,13.834448558558758],[100.5997881550102,13.834442825313243],[100.59998821343859,13.831654121422796],[100.60198081430053,13.83170551533869],[100.60214796304898,13.828842456369907],[100.60532857364731,13.82889171158448],[100.60530701363324,13.825155367872883],[100.61266128478505,13.825583939524765],[100.61350687735928,13.826311663692849],[100.61440652744098,13.826326082453535],[100.61439309046243,13.827060583538822],[100.61402768064616,13.82705507938478],[100.61404447902093,13.828989300671859],[100.61502356745687,13.828868739314318],[100.61594469655415,13.832078270425923],[100.6167771210367,13.837674653495531],[100.61947531567048,13.83775739948639],[100.61980762892753,13.838491874374416],[100.6223861241938,13.839237477509544],[100.62646855199075,13.841003508214106],[100.6284751000897,13.84147150247666],[100.62871999952301,13.842351165179945],[100.62863016973937,13.842818393307223],[100.62796311044923,13.843501870798601],[100.62352312914295,13.845872401260678],[100.6209160912757,13.84802736233802],[100.61907808402432,13.8485276185657],[100.61899315943387,13.848537218852258]]]}},{"type":"Feature","properties":{"code":"102902","name":"วงศ์สว่าง","parentCode":"1029"},"geometry":{"type":"Polygon","coordinates":[[[100.54351876646102,13.849609734061746],[100.53612127492492,13.846163709807058],[100.51883395080681,13.830737466297977],[100.51596533396136,13.828620808712813],[100.51585037988852,13.82774244526208],[100.51544275710441,13.827112211985922],[100.51320033053115,13.826157717455978],[100.51306785052293,13.824712243409309],[100.51272714956467,13.824774229134901],[100.51182736525196,13.826087088475207],[100.51099490787345,13.826187130678036],[100.51060758918238,13.825206487986534],[100.50931969457648,13.825507063760574],[100.50930153279413,13.824841654006036],[100.51015556810299,13.82423302299908],[100.50977781897458,13.823749483262823],[100.5076961149444,13.822787164216233],[100.50764946123621,13.821646233688114],[100.50712031960323,13.821083394877625],[100.50634961282272,13.819185342943527],[100.507374182229,13.81641866027198],[100.51182358137761,13.815015059526523],[100.51524598832523,13.813131859864853],[100.52311264459415,13.820302191378294],[100.52585301455919,13.821820716238928],[100.52845100247004,13.822334475433465],[100.53696409640445,13.821654203549944],[100.54333997255324,13.848888855940412],[100.54351876646102,13.849609734061746]]]}},{"type":"Feature","properties":{"code":"102705","name":"นวลจันทร์","parentCode":"1027"},"geometry":{"type":"Polygon","coordinates":[[[100.648010507658,13.8470183968335],[100.64814368313564,13.84762083994968],[100.64110856393835,13.846708828042123],[100.63909035524438,13.846070415282524],[100.63720025436864,13.844735138391288],[100.63551077983976,13.84157830913151],[100.63451683992028,13.83916365976516],[100.6310596977482,13.833213132775247],[100.6286123068911,13.825624316537672],[100.63356767690462,13.820952174233694],[100.64304769328713,13.815396666798653],[100.65028939245477,13.80998469300749],[100.65384479628365,13.818221093944702],[100.65534260073075,13.817563594763193],[100.65548161960866,13.817111847684291],[100.6612432268795,13.817172347059426],[100.66080316135654,13.819354795215759],[100.66087185382273,13.821461488872739],[100.66015080390048,13.824211889804213],[100.66026954120802,13.824651724886676],[100.66111386248086,13.825345383062373],[100.66125180821086,13.825721816137317],[100.66163553670245,13.831244149213862],[100.66142821161212,13.833474734071348],[100.65790680374099,13.832976581872384],[100.65733435461246,13.835574575454489],[100.65399642704206,13.835356460344801],[100.65309439830095,13.834926423792998],[100.64863079896955,13.833878604328332],[100.64852089296235,13.838959144070296],[100.64776314133432,13.844158154199835],[100.65022576434417,13.844852254372979],[100.6501110393697,13.845144527477158],[100.64790797093286,13.846333268582],[100.6479772564893,13.84689433737291],[100.648010507658,13.8470183968335]]]}},{"type":"Feature","properties":{"code":"103801","name":"ลาดพร้าว","parentCode":"1038"},"geometry":{"type":"Polygon","coordinates":[[[100.63720025436864,13.844735138391288],[100.63575063009453,13.843716652615893],[100.63298925526657,13.842541943371169],[100.62870609311973,13.842678916192439],[100.6284751000897,13.84147150247666],[100.62646855199075,13.841003508214106],[100.6223861241938,13.839237477509544],[100.61980762892753,13.838491874374416],[100.61947531567048,13.83775739948639],[100.6167771210367,13.837674653495531],[100.61594469655415,13.832078270425923],[100.61502356745687,13.828868739314318],[100.61404447902093,13.828989300671859],[100.61402768064616,13.82705507938478],[100.61439309046243,13.827060583538822],[100.61440652744098,13.826326082453535],[100.61350687735928,13.826311663692849],[100.61266128478505,13.825583939524765],[100.60530701363324,13.825155367872883],[100.60532857364731,13.82889171158448],[100.60214796304898,13.828842456369907],[100.60198081430053,13.83170551533869],[100.59998821343859,13.831654121422796],[100.5997881550102,13.834442825313243],[100.59648180253227,13.834448558558758],[100.59592126547669,13.835080418247145],[100.59072748571431,13.835375173955464],[100.58987158095916,13.832018207899244],[100.58999715409142,13.828970111872286],[100.5896317625478,13.825901469332003],[100.5891438476997,13.823944289500323],[100.58942610444151,13.821918847263902],[100.58926870366135,13.819423962608477],[100.5896069808028,13.818072695773724],[100.58951411918622,13.816569426960651],[100.58906058833563,13.815075272200056],[100.58906375333491,13.813921643345557],[100.58859293723798,13.812434377769112],[100.58915465581482,13.810359671885216],[100.588797520613,13.80815871492837],[100.58881770660267,13.80439608060522],[100.58836180168433,13.80288724726301],[100.59180854249462,13.802592639117972],[100.59640494387797,13.801264588559828],[100.59595802713929,13.799298113831997],[100.59724440258434,13.79898807947962],[100.59725875663503,13.798294241145534],[100.59967181033308,13.796127261401569],[100.60533992160612,13.795167201889871],[100.60726872072941,13.795317300084609],[100.61291661032068,13.794873553145711],[100.61964087088961,13.80977182269378],[100.62479198526023,13.817931561530001],[100.62784275004697,13.823780972640316],[100.629138293195,13.826940499986785],[100.6310596977482,13.833213132775247],[100.63451683992028,13.83916365976516],[100.63683244527016,13.844059683542179],[100.63720025436864,13.844735138391288]]]}},{"type":"Feature","properties":{"code":"101001","name":"มีนบุรี","parentCode":"1010"},"geometry":{"type":"Polygon","coordinates":[[[100.73748011672154,13.837213739120717],[100.73580376266969,13.836691218882775],[100.73557866297278,13.83775369830648],[100.7351833045179,13.83784123293819],[100.72964285157339,13.83583431241588],[100.72975254748393,13.827676330164042],[100.72241435414314,13.82753251354546],[100.72234225328394,13.837456150549905],[100.72026109137336,13.837306942509562],[100.72008389180847,13.835614598132489],[100.72017994682525,13.831535302236192],[100.71461113827138,13.831385625165804],[100.71454797649415,13.825205976300307],[100.71544970652265,13.821878014240056],[100.71225122001532,13.82156592892941],[100.7120162984225,13.822089544264468],[100.70591524944483,13.821220271514772],[100.70560637871483,13.820481256265547],[100.70465376327752,13.819456348599157],[100.70356784300033,13.818859433966153],[100.70174584582841,13.818395289146103],[100.69918592848137,13.817012043106352],[100.69756652393156,13.815783829735613],[100.6968027768044,13.815528120417369],[100.69681098421518,13.8153043583953],[100.69776708923202,13.81234777306304],[100.69846688805727,13.811597248715966],[100.69876765164331,13.811621153802733],[100.69868933320267,13.811422846667147],[100.69926598269709,13.810909305748917],[100.70106328450397,13.809890187992364],[100.70192487464544,13.809053798034459],[100.70218969578036,13.807709732467249],[100.70204888513625,13.806706294320103],[100.70060917920969,13.804741333556366],[100.70062374415357,13.804358221614685],[100.7049215534277,13.797765290913492],[100.70608361915097,13.798354903137295],[100.70627087399734,13.79811295106674],[100.71481055381055,13.783067601092391],[100.71538130667905,13.781522549277492],[100.71556783323508,13.779995992822565],[100.71636463684897,13.778144311917345],[100.72079047478353,13.778265929951688],[100.7247586021984,13.776266624189052],[100.73368245104251,13.774789403838723],[100.73649809664067,13.77609708073449],[100.73798652924097,13.777216382374032],[100.73894989128755,13.777358711669581],[100.73899792258142,13.771739842482393],[100.74631557233138,13.772005519970053],[100.74645936274945,13.781793111988263],[100.74606448672955,13.79522926101847],[100.73562031468849,13.81450767558706],[100.74930814713284,13.82210896459186],[100.74910593020832,13.823052657460128],[100.74857888468378,13.824003184190646],[100.7467229292883,13.82481178410272],[100.74630494607904,13.826203282409104],[100.74558826462676,13.831108321566786],[100.74399370927705,13.835043460582282],[100.74173129361854,13.836402876833256],[100.7403159501791,13.836929248816718],[100.73999291278788,13.837412837165699],[100.73753810096109,13.837237054791942],[100.73748011672154,13.837213739120717]]]}},{"type":"Feature","properties":{"code":"103003","name":"จันทรเกษม","parentCode":"1030"},"geometry":{"type":"Polygon","coordinates":[[[100.57233844778399,13.833928907501702],[100.56834775824761,13.827148015493245],[100.57152867088938,13.825516436722708],[100.57286092598409,13.824348634732212],[100.5746756572242,13.821854633732745],[100.57530377699527,13.820263111173302],[100.57569399459149,13.817768077174092],[100.57490435986908,13.801074535432218],[100.57551346398373,13.801392648997036],[100.57687343531319,13.80118845493532],[100.58033712462758,13.801864472726743],[100.58190238237617,13.802786555157395],[100.58840601458944,13.803099378913084],[100.58881770660267,13.80439608060522],[100.588797520613,13.80815871492837],[100.58915465581482,13.810359671885216],[100.58859293723798,13.812434377769112],[100.58906375333491,13.813921643345557],[100.58906058833563,13.815075272200056],[100.58951411918622,13.816569426960651],[100.58960365454838,13.818008314241988],[100.58926870366135,13.819423962608477],[100.58942610444151,13.821918847263902],[100.5891438476997,13.823944289500323],[100.5896317625478,13.825901469332003],[100.58999715409142,13.828970111872286],[100.5899343543247,13.832322868593682],[100.58127351129272,13.834844274462325],[100.58001099821438,13.834782361320867],[100.57339360134164,13.833504080508712],[100.57289894117498,13.833624762635516],[100.57233844778399,13.833928907501702]]]}},{"type":"Feature","properties":{"code":"103005","name":"จตุจักร","parentCode":"1030"},"geometry":{"type":"Polygon","coordinates":[[[100.55068840892383,13.796157555227124],[100.55169813003155,13.798758992055445],[100.56834775824761,13.827148015493245],[100.5627072185567,13.829877675722662],[100.5599988910183,13.830697141848642],[100.55857530429415,13.830840650576135],[100.5524451830179,13.830219672952108],[100.54311160487673,13.830215302471947],[100.53909274755635,13.830541111016231],[100.5369605240421,13.821638407278428],[100.54173108190069,13.821180249102351],[100.54288123922503,13.820870206251753],[100.54425799837395,13.819767802205584],[100.54485519559887,13.818715495255242],[100.5449767337586,13.817946397252651],[100.54340700440356,13.812654772173111],[100.53743071552563,13.79785321083777],[100.5490367037969,13.796566824492484],[100.5505793648697,13.796176025092517],[100.55068840892383,13.796157555227124]]]}},{"type":"Feature","properties":{"code":"100307","name":"ลำผักชี","parentCode":"1003"},"geometry":{"type":"Polygon","coordinates":[[[100.8235668717335,13.82669514752361],[100.82262104168457,13.823262067934207],[100.82077348167566,13.820124889685514],[100.81889483854816,13.81766803701398],[100.81588352007215,13.81628604221405],[100.81427664403759,13.815174940548061],[100.80957987721983,13.809529148607924],[100.80788690568359,13.80818702823009],[100.80450500144582,13.804217038241708],[100.80167550381985,13.80171615835526],[100.79963233218675,13.800445452369262],[100.79738681602227,13.798034005553182],[100.79513617264759,13.794114320277108],[100.79643020940706,13.791081591205147],[100.79603149883792,13.788448738970722],[100.79362687874114,13.784783218014944],[100.79362355933434,13.784272583765855],[100.79393889596224,13.78386356489041],[100.79641712683136,13.782719093501166],[100.80078279214018,13.781630838050702],[100.80851810005879,13.781623807379399],[100.81038253492845,13.781842827003455],[100.8132052384953,13.782738279883178],[100.81423381358678,13.784061559486261],[100.81477598232526,13.784216857287385],[100.81555751505496,13.783111828914626],[100.81975078427976,13.781794046804206],[100.82299952434607,13.779642656567473],[100.8227925644297,13.777697611452263],[100.82434717120644,13.77679696988105],[100.82646544355818,13.775102436212888],[100.82848569875573,13.772772562694538],[100.82926096284265,13.772212091869179],[100.83013350214341,13.769892993419269],[100.83217230218781,13.767579905787011],[100.8344784565292,13.767986395233212],[100.83738845990828,13.767569285203766],[100.83961502524069,13.769843799481716],[100.84100741332605,13.770606141882213],[100.84085536492458,13.771485095645664],[100.84149119739983,13.7735669901192],[100.84423263755679,13.7760420820931],[100.84835237789542,13.778353141443613],[100.85063632318047,13.778860177247672],[100.85393008127889,13.77916639747153],[100.85480553388432,13.780176568228454],[100.85724156806387,13.781130899730114],[100.85871032186526,13.783495651357292],[100.85897390678484,13.785546397220317],[100.85943184607875,13.786740459603392],[100.86135985322979,13.78957959363221],[100.86246553943035,13.791991118723995],[100.86323862399243,13.792835952935054],[100.8653959374201,13.79440687109788],[100.86601439669266,13.794483517255815],[100.86752021542507,13.794000982373491],[100.86909690011022,13.794217205183358],[100.87017038716208,13.795040523505444],[100.87202287152074,13.797081403135731],[100.87402959127041,13.798166467372637],[100.87543047742238,13.797716314944577],[100.87842742481035,13.797373713464742],[100.8808617931674,13.796140638920885],[100.88502816474214,13.795467036354442],[100.88726701380475,13.797599718244227],[100.88792052658161,13.798943586727637],[100.88768652775614,13.79938484695294],[100.88634014047449,13.80014080294504],[100.88529393384614,13.802075010607737],[100.88429013405073,13.802958247389132],[100.8839201116217,13.804024155592527],[100.87999656945675,13.805086784692865],[100.87704796767306,13.806354294151141],[100.87398096720891,13.80727584885685],[100.87173734712134,13.809832592655171],[100.87074782691019,13.811864610769758],[100.86967840702881,13.813229564710875],[100.868591851303,13.813896471286677],[100.8671333232259,13.81416288763301],[100.86493994638407,13.816077513360101],[100.86346433097256,13.816305629740942],[100.86237621582617,13.817871793442142],[100.86069790684859,13.818927270120506],[100.85876974801108,13.819165569549153],[100.85791478671517,13.819742561441503],[100.85680338707304,13.820711250871863],[100.8564226357092,13.822995073040275],[100.85534703768865,13.824034660698453],[100.85412576094035,13.821056863258066],[100.85050074142053,13.817379804619934],[100.84797814051453,13.817370567224124],[100.84433161859644,13.81557006851165],[100.84299338634803,13.815337223981887],[100.8405166302404,13.816527355580618],[100.83801252781302,13.818361626974914],[100.83456630221475,13.817553655606568],[100.83201240332887,13.818202004963064],[100.82916671812377,13.820719986608095],[100.82827995637061,13.822566964570436],[100.82607445889833,13.823945874649207],[100.82360585723761,13.826802185298158],[100.8235668717335,13.82669514752361]]]}},{"type":"Feature","properties":{"code":"103004","name":"จอมพล","parentCode":"1030"},"geometry":{"type":"Polygon","coordinates":[[[100.56834775824761,13.827148015493245],[100.55169813003155,13.798758992055445],[100.55068840892383,13.796157555227124],[100.55728152252068,13.795340764941688],[100.55811925336333,13.79544731642955],[100.56645604265202,13.794681370139887],[100.56698370788402,13.795013584621236],[100.56718801128305,13.798514949327812],[100.56749368950146,13.79927680683041],[100.57202837528628,13.799677199521536],[100.57272666932276,13.800107738984275],[100.57373341548873,13.80033066119569],[100.57490435986908,13.801074535432218],[100.5756493296776,13.816369564004344],[100.57552883681127,13.819343068646832],[100.5746756572242,13.821854633732745],[100.57358581292955,13.823562105025015],[100.57190539336908,13.825225901856262],[100.5706964197472,13.825985020922984],[100.56834775824761,13.827148015493245]]]}},{"type":"Feature","properties":{"code":"102704","name":"นวมินทร์","parentCode":"1027"},"geometry":{"type":"Polygon","coordinates":[[[100.6286123068911,13.825624316537672],[100.62446736017453,13.817385726842016],[100.62553636435398,13.817568466332844],[100.62598817822382,13.819281733336464],[100.62874996703292,13.81939674424789],[100.63136614448072,13.819189551601214],[100.63103553597199,13.81545982337609],[100.63186261315296,13.815270159310543],[100.63262800847707,13.812698031370086],[100.63353256226705,13.811267263304304],[100.6334811895731,13.810863116139192],[100.63413674498935,13.809455470472495],[100.63520011232039,13.808254132122599],[100.63654514102915,13.807240730213804],[100.63832902552706,13.804836931674084],[100.63928231701668,13.804102944810873],[100.63951323553971,13.801577304731376],[100.64015906543253,13.798620680310277],[100.64000936662069,13.795147370701415],[100.64053632471469,13.791973476345762],[100.64160881831972,13.790438752222462],[100.64271804205544,13.786967206543368],[100.64349883881657,13.786870472428703],[100.64515116190877,13.785931814683115],[100.64678614713141,13.785490399402951],[100.64809077277057,13.7846749460651],[100.65282450073346,13.791803050002505],[100.6475729047142,13.803791008215082],[100.64771934683453,13.804641934390112],[100.65028939245477,13.80998469300749],[100.64304769328713,13.815396666798653],[100.63356767690462,13.820952174233694],[100.63007264144169,13.82413224174598],[100.6286123068911,13.825624316537672]]]}},{"type":"Feature","properties":{"code":"100308","name":"ลำต้อยติ่ง","parentCode":"1003"},"geometry":{"type":"Polygon","coordinates":[[[100.86069790684859,13.818927270120506],[100.86237621582617,13.817871793442142],[100.86346433097256,13.816305629740942],[100.86493994638407,13.816077513360101],[100.8671333232259,13.81416288763301],[100.868591851303,13.813896471286677],[100.86959403865347,13.813304769497833],[100.87074782691019,13.811864610769758],[100.87173734712134,13.809832592655171],[100.87398096720891,13.80727584885685],[100.87704796767306,13.806354294151141],[100.87999656945675,13.805086784692865],[100.8839201116217,13.804024155592527],[100.88429013405073,13.802958247389132],[100.88529393384614,13.802075010607737],[100.88634014047449,13.80014080294504],[100.88768652775614,13.79938484695294],[100.88792052658161,13.798943586727637],[100.88726701380475,13.797599718244227],[100.88502816474214,13.795467036354442],[100.8808617931674,13.796140638920885],[100.87842742481035,13.797373713464742],[100.87543047742238,13.797716314944577],[100.87402959127041,13.798166467372637],[100.87202287152074,13.797081403135731],[100.87017038716208,13.795040523505444],[100.86909690011022,13.794217205183358],[100.86752021542507,13.794000982373491],[100.86601439669266,13.794483517255815],[100.8653959374201,13.79440687109788],[100.86323862399243,13.792835952935054],[100.86246553943035,13.791991118723995],[100.86135985322979,13.78957959363221],[100.85943184607875,13.786740459603392],[100.85897390678484,13.785546397220317],[100.85871032186526,13.783495651357292],[100.85724156806387,13.781130899730114],[100.85480553388432,13.780176568228454],[100.85393008127889,13.77916639747153],[100.85063632318047,13.778860177247672],[100.84835237789542,13.778353141443613],[100.84428434505685,13.77607671675582],[100.84149119739983,13.7735669901192],[100.8408541195258,13.771104379186445],[100.84106464729537,13.77068253685329],[100.84351737193175,13.771056206825392],[100.8461207915684,13.770748612615828],[100.84807497489534,13.771000572575067],[100.85553560368731,13.771112787502622],[100.85840151383928,13.770385082441633],[100.860612683014,13.770467799087422],[100.86146452420556,13.769956367142415],[100.86374744098696,13.767497731648014],[100.86483904147104,13.764719350009653],[100.86502432471889,13.76316003790465],[100.86570188035745,13.761516787254571],[100.8657858891422,13.760231638476668],[100.86662132668306,13.758094625789292],[100.86628463951573,13.754987007384688],[100.86648274747785,13.753369981442455],[100.86805159591654,13.749937251261636],[100.87108005483059,13.745849495853948],[100.87373094409018,13.743052481383913],[100.8749749470976,13.7426781232529],[100.87578112324707,13.742035953737984],[100.87800851725298,13.74128919918302],[100.88041663449383,13.740092544792825],[100.89167806707874,13.758096721023655],[100.90750174792097,13.786436717099246],[100.88839311515042,13.803803406669662],[100.87593986006398,13.814363493811664],[100.87374495765297,13.815064873229053],[100.8614487104504,13.820084074186248],[100.86107832818469,13.819955833725672],[100.86076232459386,13.818959543947209],[100.86069790684859,13.818927270120506]]]}},{"type":"Feature","properties":{"code":"102901","name":"บางซื่อ","parentCode":"1029"},"geometry":{"type":"Polygon","coordinates":[[[100.53696409640445,13.821654203549944],[100.52845100247004,13.822334475433465],[100.52585301455919,13.821820716238928],[100.52311264459415,13.820302191378294],[100.51524598832523,13.813131859864853],[100.51633000605894,13.811979433304137],[100.51720862653573,13.809908521452714],[100.5174837641624,13.808472959945957],[100.51762359942883,13.80462021500786],[100.51649349215042,13.800334642933475],[100.52235003337796,13.799985446651489],[100.52501389064227,13.799198329917392],[100.52580491059406,13.799231837431245],[100.52702661099369,13.798645734583552],[100.52899244088478,13.798883222838981],[100.53234636947444,13.798257832767092],[100.53324110268773,13.799832993994643],[100.53743071552563,13.79785321083777],[100.54340700440356,13.812654772173111],[100.54498019770273,13.81803337865126],[100.54477434291547,13.81890356761427],[100.5440831900507,13.81999827196546],[100.54274002201078,13.820934368607839],[100.5369605240421,13.821638407278428],[100.53696409640445,13.821654203549944]]]}},{"type":"Feature","properties":{"code":"100601","name":"คลองจั่น","parentCode":"1006"},"geometry":{"type":"Polygon","coordinates":[[[100.62446736017453,13.817385726842016],[100.61964087088961,13.80977182269378],[100.61501246211259,13.799729528572938],[100.6161125030327,13.799311024282176],[100.61957998502318,13.799527728425053],[100.62363381901379,13.800192456232399],[100.62595933397931,13.788090926211787],[100.62907441003819,13.78869286654563],[100.63066870959808,13.783962865516614],[100.63033176897619,13.780302084650508],[100.62929040595651,13.775075453482682],[100.62826610245928,13.775643774080397],[100.63048629175115,13.763237862374746],[100.64735394045708,13.765056565471644],[100.64915449573998,13.765664806520407],[100.65490790991231,13.770161440596633],[100.65613682940393,13.770758777994875],[100.65368649032197,13.77391849441794],[100.65292713239795,13.776400230315776],[100.65094973672167,13.779841474623373],[100.64767549645903,13.784059698106745],[100.6480465692002,13.784800655857447],[100.64678614713141,13.785490399402951],[100.64515116190877,13.785931814683115],[100.64349883881657,13.786870472428703],[100.64271804205544,13.786967206543368],[100.64160881831972,13.790438752222462],[100.64053632471469,13.791973476345762],[100.64000936662069,13.795147370701415],[100.64015906543253,13.798620680310277],[100.63951323553971,13.801577304731376],[100.63928231701668,13.804102944810873],[100.63832902552706,13.804836931674084],[100.63654514102915,13.807240730213804],[100.63520011232039,13.808254132122599],[100.63413674498935,13.809455470472495],[100.6334811895731,13.810863116139192],[100.63353256226705,13.811267263304304],[100.63262800847707,13.812698031370086],[100.63186261315296,13.815270159310543],[100.63103553597199,13.81545982337609],[100.63136614448072,13.819189551601214],[100.62874996703292,13.81939674424789],[100.62598817822382,13.819281733336464],[100.62553636435398,13.817568466332844],[100.6245998938135,13.817407446796349],[100.62446736017453,13.817385726842016]]]}},{"type":"Feature","properties":{"code":"102701","name":"คลองกุ่ม","parentCode":"1027"},"geometry":{"type":"Polygon","coordinates":[[[100.6612432268795,13.817172347059426],[100.65548161960866,13.817111847684291],[100.65534260073075,13.817563594763193],[100.65384479628365,13.818221093944702],[100.64908277724882,13.807162522356684],[100.64757544360077,13.804152543477375],[100.64804976725713,13.802634230891401],[100.65282620950617,13.792045956105406],[100.65268498757433,13.791444694923799],[100.64767549645903,13.784059698106745],[100.65094973672167,13.779841474623373],[100.65292713239795,13.776400230315776],[100.65368649032197,13.77391849441794],[100.65613682940393,13.770758777994875],[100.67512772458902,13.781231599217934],[100.67382278392272,13.783770193232558],[100.67660774290995,13.786710276336315],[100.6750724245062,13.789041427323422],[100.67449702475457,13.790623732497625],[100.67357581064952,13.796239658691771],[100.67258227499421,13.798199914298253],[100.67110252791181,13.800151046478781],[100.6699351200184,13.802214162984535],[100.66870008902556,13.805662920934312],[100.66659919614618,13.805058030662039],[100.66527452038743,13.807939074616947],[100.6647457700613,13.808452218199427],[100.66414234280045,13.810091191415472],[100.66316253495614,13.809766784379182],[100.66289041273586,13.810031880721644],[100.66296872803969,13.81276105333296],[100.6612738171976,13.817084012255924],[100.6612432268795,13.817172347059426]]]}},{"type":"Feature","properties":{"code":"101704","name":"สามเสนนอก","parentCode":"1017"},"geometry":{"type":"Polygon","coordinates":[[[100.588533613984,13.802820603285918],[100.58815407297833,13.803113436473346],[100.58190238237617,13.802786555157395],[100.58033712462758,13.801864472726743],[100.57687343531319,13.80118845493532],[100.57551346398373,13.801392648997036],[100.57490435986908,13.801074535432218],[100.57431500735403,13.78973535536564],[100.58042839844857,13.789575243965642],[100.58051401758328,13.788210921017834],[100.58120487269585,13.788226817669614],[100.58125684101276,13.786587018280377],[100.58042956158961,13.783474977432247],[100.58356036821606,13.78231140025411],[100.58354756713462,13.78195556903024],[100.58338829333005,13.780792811195791],[100.58309841655144,13.780577738711404],[100.58154911775256,13.777279391844283],[100.58015620831299,13.77213040024817],[100.58360803837394,13.771281144774552],[100.58646153426915,13.76990465315167],[100.58635815070302,13.768201451108384],[100.58665449563895,13.76560645456763],[100.58653908270928,13.762118110784407],[100.58801274019937,13.763037382596085],[100.58944902885554,13.762786323752753],[100.59372138896411,13.763473937988113],[100.59478541933643,13.763984537315967],[100.59493448880247,13.764915725257854],[100.59476928986082,13.766295250050966],[100.59379352433514,13.768663019558698],[100.59318528674603,13.772644140740601],[100.5931756269274,13.774375182080227],[100.5936487205294,13.77689175482352],[100.59360031816146,13.77938684592093],[100.59207695961662,13.78181578347697],[100.59021378256351,13.786478428307442],[100.59008027843227,13.789726571741715],[100.58949352044782,13.79193928536877],[100.5891323044373,13.800317433681599],[100.58852047405003,13.802672673924135],[100.588533613984,13.802820603285918]]]}},{"type":"Feature","properties":{"code":"104802","name":"ศาลาธรรมสพน์","parentCode":"1048"},"geometry":{"type":"Polygon","coordinates":[[[100.39672502542079,13.801869438870924],[100.34473875830697,13.80339451463598],[100.32792087013117,13.804171892101023],[100.32915606071519,13.79636483636503],[100.33006436466648,13.792298710349993],[100.33040964956184,13.788141838162812],[100.32962683489299,13.773103517337233],[100.33446500052501,13.773285261177875],[100.33694718555984,13.773799502933144],[100.34066664987617,13.773949905710856],[100.34222444501523,13.774244256640594],[100.34030684951719,13.77846958673998],[100.34236973737785,13.778937461496747],[100.34482701019897,13.778823477151276],[100.35045268359335,13.779321508253036],[100.35187894686686,13.779554365304934],[100.3526996822167,13.77993631195286],[100.35593754945333,13.78036031853517],[100.35662002714474,13.775613995074766],[100.3573491048434,13.774338738828412],[100.35929395270428,13.768887114800295],[100.36698172979851,13.768574496369506],[100.39579611193773,13.762756227684752],[100.40648724314319,13.760183503982214],[100.40827499947864,13.774765695414743],[100.40928079648175,13.780457228828958],[100.41106533432198,13.801353603122614],[100.39802444729523,13.80184171004887],[100.39672502542079,13.801869438870924]]]}},{"type":"Feature","properties":{"code":"101104","name":"ลำปลาทิว","parentCode":"1011"},"geometry":{"type":"Polygon","coordinates":[[[100.79513752566133,13.793988905511956],[100.7917009034156,13.796123270579548],[100.78856472565492,13.800374871847175],[100.78623196860183,13.799625850392175],[100.78269423712969,13.79889684710913],[100.78184153328377,13.79842061396349],[100.78239145525933,13.796929833682386],[100.7821614620807,13.781853425011752],[100.7808203996124,13.782209979316551],[100.77791440079399,13.782440008185612],[100.7768050295127,13.783094259861587],[100.77282141806577,13.782447387139394],[100.77165930198674,13.7826240972099],[100.76870057934052,13.782379886048563],[100.76855616893431,13.781008228543039],[100.76880068075201,13.778247522365339],[100.76925942917346,13.728144705635481],[100.7915598990295,13.728706964265706],[100.7920940653275,13.730566098325685],[100.79498204862732,13.734738860708308],[100.79508498140176,13.73566001221701],[100.79458118834265,13.7377978305627],[100.79453016436807,13.739065814243828],[100.79557707670476,13.742838438778733],[100.79504497572795,13.745508590573529],[100.79540590588957,13.747980178357057],[100.7958339810291,13.749706752127057],[100.7966214094129,13.751496231392148],[100.7985887738803,13.753496277779792],[100.82566155030925,13.743582424862169],[100.82661354885266,13.743617177722365],[100.82619927395842,13.74504035562864],[100.826060619931,13.746834314102294],[100.82624182317103,13.747473547045237],[100.8273683654878,13.748478596366663],[100.83078449776886,13.749045248802798],[100.83160549520281,13.749694411475307],[100.83250996989632,13.751045659732572],[100.83238698880356,13.752322069909345],[100.83299624929653,13.754869662039274],[100.83307018951164,13.756202224751386],[100.83230866041347,13.756812308127277],[100.83174390845073,13.758129284885834],[100.83177827336773,13.759277993280312],[100.83075195674031,13.764258814973557],[100.83145720141252,13.766511956107163],[100.83224480703325,13.767539824831273],[100.83013350214341,13.769892993419269],[100.82926096284265,13.772212091869179],[100.82848569875573,13.772772562694538],[100.82646544355818,13.775102436212888],[100.82434717120644,13.77679696988105],[100.8227925644297,13.777697611452263],[100.82299952434607,13.779642656567473],[100.81975078427976,13.781794046804206],[100.81555751505496,13.783111828914626],[100.81468537883603,13.784234472248377],[100.81417675816465,13.784007751663703],[100.8132052384953,13.782738279883178],[100.81038253492845,13.781842827003455],[100.80851810005879,13.781623807379399],[100.80078279214018,13.781630838050702],[100.79641712683136,13.782719093501166],[100.79428758690845,13.78365992147334],[100.79365365505885,13.784202318218506],[100.79362687874114,13.784783218014944],[100.79603149883792,13.788448738970722],[100.79643020940706,13.791081591205147],[100.7962166725992,13.79195420672518],[100.79516016882094,13.793926602583968],[100.79513752566133,13.793988905511956]]]}},{"type":"Feature","properties":{"code":"103604","name":"ดอนเมือง","parentCode":"1036"},"geometry":{"type":"Polygon","coordinates":[[[100.56375700907597,13.934411496598328],[100.55904584017557,13.914467585178471],[100.56317003485067,13.91334632806422],[100.56567711447988,13.911533732899624],[100.56820727047943,13.909117609772133],[100.57364544555239,13.90588164379825],[100.57490869931387,13.905226072884616],[100.57936214503671,13.903830139343997],[100.58770682176362,13.899353670360778],[100.58289308072,13.890680361847112],[100.58451235877041,13.890437108697688],[100.6025929702654,13.922544058872381],[100.60038691851064,13.923440977908298],[100.58740341505664,13.926855614523483],[100.5649191134728,13.933911403913461],[100.56375700907597,13.934411496598328]]]}},{"type":"Feature","properties":{"code":"104602","name":"สามวาตะวันออก","parentCode":"1046"},"geometry":{"type":"Polygon","coordinates":[[[100.78679830630644,13.930578307487735],[100.72846724968048,13.923127857693832],[100.72881324369469,13.913343591850452],[100.72932889848586,13.864751647780711],[100.7653982400848,13.869077593227741],[100.7697967227648,13.872695004584532],[100.77422668237789,13.873894364301888],[100.77530362009256,13.874775683894663],[100.77775095493767,13.874754512593626],[100.77963385379755,13.875400605277148],[100.7808263143115,13.875960199350503],[100.78368614810027,13.878390962501244],[100.7884341845297,13.88025767581299],[100.78910004271981,13.88090581095391],[100.79007843534886,13.881216112229179],[100.7909629837919,13.88195528033611],[100.7924170710427,13.884048250102081],[100.79279232095772,13.885701737862988],[100.79402484690134,13.88619769651376],[100.79455655519592,13.886841149132243],[100.79495420894001,13.888848083141609],[100.79595841831639,13.890627992748492],[100.7978386577199,13.891207287437961],[100.79827950939284,13.892437745530389],[100.7970492216822,13.892687441498094],[100.79522175835925,13.893706373893494],[100.79290455746758,13.893979854942618],[100.79285455882169,13.897026076340564],[100.79223196602442,13.897424935711573],[100.79259981316167,13.93151519203616],[100.79115625125641,13.931133782205015],[100.78679830630644,13.930578307487735]]]}},{"type":"Feature","properties":{"code":"104601","name":"สามวาตะวันตก","parentCode":"1046"},"geometry":{"type":"Polygon","coordinates":[[[100.72853917216194,13.922300333803827],[100.72846724968048,13.923127857693832],[100.71243662821931,13.92102094123087],[100.68730972768832,13.919319527474288],[100.68758718159565,13.917147219257696],[100.6860042816579,13.915148214295833],[100.68380469405274,13.9136765627477],[100.68363858390472,13.911579625948072],[100.68598777909823,13.910235856490724],[100.68695409714412,13.909353563225388],[100.68709107093557,13.907746008287692],[100.68780093476161,13.90587124144822],[100.68972339814025,13.90303112218366],[100.69059306784423,13.90039148417992],[100.69176823226775,13.899051283414481],[100.69229511553986,13.898026272901227],[100.69237614407432,13.897000963446795],[100.69149440843991,13.890804350768828],[100.69138488563287,13.88830142267252],[100.69148766274213,13.88724432711885],[100.69211033218029,13.886751932086149],[100.69052595835836,13.885399203389866],[100.69002417581413,13.884380184811247],[100.68942680121258,13.88157896240132],[100.68994919634268,13.88041615139092],[100.68986149167745,13.879563740680418],[100.68810104008173,13.878640410300296],[100.68628574263981,13.876206865354],[100.68490002746191,13.875044788813158],[100.68459137385247,13.874500079070819],[100.68467789725351,13.87270870675922],[100.68577465409695,13.86924952763397],[100.68416242488343,13.866416856191693],[100.68314452715141,13.862046904286862],[100.68219041215386,13.860667164150072],[100.68115912069436,13.85989014799153],[100.68053578022717,13.858836907090687],[100.68308601394028,13.859301822055606],[100.68675927511688,13.859392907938412],[100.69233087822495,13.860866154008253],[100.70023897887944,13.861544596700938],[100.72932889848586,13.864751647780711],[100.72881324369469,13.913343591850452],[100.72853890318707,13.922186226009282],[100.72853917216194,13.922300333803827]]]}},{"type":"Feature","properties":{"code":"104203","name":"คลองถนน","parentCode":"1042"},"geometry":{"type":"Polygon","coordinates":[[[100.6227338755284,13.9196742979715],[100.60864186429704,13.895823638467462],[100.61139977105256,13.892400047952666],[100.61009408281632,13.890903681737322],[100.60895028222957,13.888981410038635],[100.60882816406209,13.888379997362327],[100.60957577643433,13.887612414009043],[100.61104171681818,13.886695472248867],[100.613239133084,13.885943173037118],[100.61632280352312,13.885578186110628],[100.61895272536088,13.884325838936258],[100.62237696231738,13.883463644547124],[100.62306326421529,13.88303539067071],[100.62432581720357,13.882984067721127],[100.6246980043252,13.883369133904434],[100.62533426136682,13.883394279751675],[100.62539181639647,13.88410231709277],[100.62685022973756,13.884192039251953],[100.62965271234691,13.885551788164436],[100.63242550208344,13.885804444350882],[100.63405042661108,13.885146178047309],[100.6372082508068,13.885634602606844],[100.6402415720755,13.886754276726395],[100.64151109837405,13.886049763889144],[100.64295561116036,13.885724827674332],[100.643101359484,13.883266428938857],[100.64424432130608,13.882740142271757],[100.65267081405383,13.882939777646863],[100.65264693763702,13.885119406258204],[100.65315747142525,13.886333922060599],[100.6526972558494,13.88920005625982],[100.65188520016368,13.889338870785444],[100.65128444638636,13.889919152256796],[100.65080583101758,13.892150437687253],[100.64990030298578,13.89370896133746],[100.6496214659201,13.895899351385587],[100.65005877024407,13.896161910027251],[100.64932849959908,13.901403666773145],[100.64646861988592,13.901700916455182],[100.64453515147521,13.900604442840946],[100.64392460652543,13.900623243849498],[100.64339019762392,13.901269724434346],[100.64280958515376,13.903564960762305],[100.64207916222729,13.904791240565283],[100.64157648899561,13.905019462122373],[100.63913861656557,13.904974836883289],[100.63688780352562,13.905873487753967],[100.63616639619312,13.908058933976692],[100.63564782962423,13.913187406893984],[100.62966894538151,13.915563962541443],[100.62284261818002,13.919593354456117],[100.6227338755284,13.9196742979715]]]}},{"type":"Feature","properties":{"code":"104202","name":"ออเงิน","parentCode":"1042"},"geometry":{"type":"Polygon","coordinates":[[[100.68686755841168,13.91624382126103],[100.66547799456372,13.915645161486026],[100.66019994305415,13.915854017490624],[100.65999918220045,13.915437344466094],[100.65915510419966,13.915314288200985],[100.65909050121597,13.914040271281122],[100.66048511707523,13.911242343829393],[100.66065391627512,13.910422063113375],[100.66058152887814,13.908219375079163],[100.65983249627685,13.905443942651246],[100.65873415303375,13.904286548501192],[100.6577975879274,13.903676020291076],[100.65350773145151,13.902448740296885],[100.65153220576688,13.901542424517267],[100.6493199282713,13.901173236968516],[100.65005877024407,13.896161910027251],[100.6496214659201,13.895899351385587],[100.6497774878345,13.894331205254954],[100.65001387345767,13.89341443498771],[100.65080583101758,13.892150437687253],[100.65114217791579,13.890161900215764],[100.65183222665212,13.889370864602324],[100.6526972558494,13.88920005625982],[100.65315747142525,13.886333922060599],[100.65342570115922,13.886077892615402],[100.6538311834181,13.886095486078915],[100.65380001235185,13.885777081069305],[100.65406393549272,13.88556627383399],[100.65532523933973,13.885584849240265],[100.65589580106095,13.882058138199266],[100.65674434098761,13.880954181781266],[100.65906388110913,13.879683196488248],[100.66192121891469,13.878746357059464],[100.66338481968289,13.879083262805793],[100.66430056154663,13.879625001328042],[100.66475306090935,13.880317899368407],[100.66485853311096,13.881079820878538],[100.66720683965299,13.880362185687408],[100.668411621717,13.880405937322173],[100.66887153128832,13.880597129534792],[100.66914261316334,13.881066418819762],[100.66955927201249,13.881112156441699],[100.6725032638711,13.879685386691916],[100.67314973475548,13.880895532600672],[100.67369117652072,13.881086156999398],[100.67453451299097,13.880075959488474],[100.67583436919017,13.879107824204098],[100.67780210929996,13.879592581032064],[100.67960080516148,13.87948645293101],[100.68128600605542,13.879679366907602],[100.68176395361517,13.87779943393135],[100.68348862571959,13.875851038505033],[100.6839923444631,13.874500815382223],[100.68452360016246,13.874162727130031],[100.68483934914984,13.874969507745412],[100.68624083806861,13.8761540733202],[100.68810104008173,13.878640410300296],[100.68986149167745,13.879563740680418],[100.68994919634268,13.88041615139092],[100.68942680121258,13.88157896240132],[100.69002417581413,13.884380184811247],[100.69052595835836,13.885399203389866],[100.69211033218029,13.886751932086149],[100.69148766274213,13.88724432711885],[100.69138488563287,13.88830142267252],[100.69148699418695,13.89073887249534],[100.69237653991091,13.897692411499351],[100.6920789145103,13.898593812425874],[100.69049032642204,13.900577487324218],[100.69045943574802,13.90126124285124],[100.68958532855393,13.903289677372753],[100.68780093476161,13.90587124144822],[100.68709107093557,13.907746008287692],[100.68695409714412,13.909353563225388],[100.68598777909823,13.910235856490724],[100.6836531860287,13.91151964450574],[100.68380469405274,13.9136765627477],[100.68530078408398,13.91455314112087],[100.68680791730262,13.916153848176016],[100.68686755841168,13.91624382126103]]]}},{"type":"Feature","properties":{"code":"104101","name":"ทุ่งสองห้อง","parentCode":"1041"},"geometry":{"type":"Polygon","coordinates":[[[100.55904584017557,13.914467585178471],[100.54380501544671,13.849879106208517],[100.55685309974437,13.853878818213312],[100.56349071042251,13.855158496728015],[100.58770682176362,13.899353670360778],[100.57936214503671,13.903830139343997],[100.57490869931387,13.905226072884616],[100.57364544555239,13.90588164379825],[100.56820727047943,13.909117609772133],[100.56567711447988,13.911533732899624],[100.56317003485067,13.91334632806422],[100.55928603694197,13.914408425273288],[100.55904584017557,13.914467585178471]]]}},{"type":"Feature","properties":{"code":"104504","name":"พลับพลา","parentCode":"1045"},"geometry":{"type":"Polygon","coordinates":[[[100.60918940096957,13.786351625169205],[100.60866857660213,13.784912183294729],[100.60813421212562,13.782084214824708],[100.60733633283846,13.7760491202908],[100.6071941154226,13.77215424034474],[100.60364119900073,13.768503048077347],[100.5966359971209,13.75954228655626],[100.59772308763003,13.757491285353446],[100.60410559376803,13.75124001411449],[100.60842729002646,13.755118968527157],[100.60998237589453,13.75670194017244],[100.60994210507128,13.757067152481412],[100.61069359265619,13.757258840440787],[100.61393299644473,13.76054817473482],[100.61523934597612,13.761246914122665],[100.61667021407216,13.76164541212908],[100.61922436422797,13.761836535291685],[100.62101877423062,13.762234877606549],[100.63048629175115,13.763237862374746],[100.628267758101,13.775632464496573],[100.6125057973641,13.784457708563346],[100.60918940096957,13.786351625169205]]]}},{"type":"Feature","properties":{"code":"104302","name":"รามอินทรา","parentCode":"1043"},"geometry":{"type":"Polygon","coordinates":[[[100.6739953956044,13.85221796162977],[100.67106111582362,13.852529499563321],[100.67077150354231,13.853426306154471],[100.67459758728931,13.855571710952491],[100.6755091590782,13.856429796972186],[100.67492842153284,13.856637141179398],[100.67205921774818,13.857243139012905],[100.66899192537605,13.856831342090755],[100.66630898503244,13.855831634808892],[100.66472239872574,13.854685472769045],[100.66317685418217,13.855973825008473],[100.6611726984901,13.852530119232528],[100.66101975152117,13.851103037215447],[100.66152997576576,13.850003630134088],[100.66121821097323,13.849170792424854],[100.6592302444211,13.848810289741943],[100.65920349308354,13.847891909122175],[100.65901519084758,13.847835561853863],[100.65687416789191,13.847903155559925],[100.65304677145625,13.846843233107803],[100.65213814604508,13.846958957520538],[100.64974592761617,13.84633219623949],[100.64799923681964,13.84632135610445],[100.6501110393697,13.845144527477158],[100.65022576434417,13.844852254372979],[100.6477527162956,13.844073485759914],[100.64852089296235,13.838959144070296],[100.64863079896955,13.833878604328332],[100.65309439830095,13.834926423792998],[100.65399642704206,13.835356460344801],[100.65733435461246,13.835574575454489],[100.65790680374099,13.832976581872384],[100.66142821161212,13.833474734071348],[100.66164101966676,13.829898469898461],[100.66135296975895,13.82637305074789],[100.66115465620217,13.825391430336072],[100.66026954120802,13.824651724886676],[100.6601645702874,13.823951931886336],[100.66087185382273,13.821461488872739],[100.66080316135654,13.819354795215759],[100.66108070336612,13.817650241710393],[100.66296872803969,13.81276105333296],[100.66289041273586,13.810031880721644],[100.66316253495614,13.809766784379182],[100.66414234280045,13.810091191415472],[100.6647457700613,13.808452218199427],[100.66527452038743,13.807939074616947],[100.66659919614618,13.805058030662039],[100.66870008902556,13.805662920934312],[100.6699351200184,13.802214162984535],[100.67110252791181,13.800151046478781],[100.67258227499421,13.798199914298253],[100.67357581064952,13.796239658691771],[100.67449702475457,13.790623732497625],[100.6750724245062,13.789041427323422],[100.67660774290995,13.786710276336315],[100.67382278392272,13.783770193232558],[100.67512772458902,13.781231599217934],[100.68509663926983,13.786759597531866],[100.67852072668978,13.81036617925886],[100.67718386202606,13.815484433192298],[100.67586474392442,13.822039713960416],[100.67486298410552,13.829811918736585],[100.67455734459479,13.834363855276349],[100.67277507411868,13.841897343392551],[100.67320379803964,13.849458665106972],[100.67382162592564,13.851607908758266],[100.6739953956044,13.85221796162977]]]}},{"type":"Feature","properties":{"code":"101002","name":"แสนแสบ","parentCode":"1010"},"geometry":{"type":"Polygon","coordinates":[[[100.80841026795665,13.853503678713155],[100.80663469846225,13.853412847852013],[100.80561400708773,13.8529266704208],[100.74693692660881,13.820949737421394],[100.73562886709587,13.814569754350343],[100.74603239922853,13.795344728606473],[100.74643558082981,13.777892072089273],[100.75503313762407,13.77786480181686],[100.75795394512718,13.775905222968902],[100.75947875416743,13.775695482959106],[100.75998488166819,13.7758285699104],[100.76067438505103,13.77660093797396],[100.76074412182156,13.777269277016877],[100.7621318735191,13.778898676564827],[100.76463657881834,13.78103072344087],[100.76482565492486,13.78173435782473],[100.76757153085777,13.781651376791315],[100.76770698734006,13.781987081712044],[100.7686219107393,13.781987284126833],[100.76870057934052,13.782379886048563],[100.77165930198674,13.7826240972099],[100.77282141806577,13.782447387139394],[100.7768050295127,13.783094259861587],[100.77791440079399,13.782440008185612],[100.7808203996124,13.782209979316551],[100.7821614620807,13.781853425011752],[100.78239145525933,13.796929833682386],[100.78184153328377,13.79842061396349],[100.78269423712969,13.79889684710913],[100.78623196860183,13.799625850392175],[100.78856472565492,13.800374871847175],[100.7917009034156,13.796123270579548],[100.79513752566133,13.793988905511956],[100.79780507853461,13.798610519686179],[100.79963233218675,13.800445452369262],[100.80285930024014,13.802699412565723],[100.80686782174192,13.806832028248179],[100.807779572039,13.808060154014871],[100.80650645383717,13.80831920148656],[100.80352203329853,13.807931029548614],[100.80168476549233,13.809545398782785],[100.80143168201282,13.811814704537591],[100.80147433012183,13.816312004788166],[100.80089485307897,13.81740422566299],[100.80143297213691,13.820482287428517],[100.80353484109267,13.824696699449056],[100.80387010959944,13.825821741801459],[100.80590226311476,13.826154758174118],[100.80565864434107,13.827246776148717],[100.8058772774819,13.829886559475312],[100.80675169917733,13.83270679172826],[100.80686053644473,13.833775877922507],[100.80801532121646,13.836964597105506],[100.80777175115868,13.839334379926902],[100.80683993689104,13.842488775718202],[100.80641691854059,13.845353588350159],[100.80850300315284,13.850843532363465],[100.80842083590636,13.853225679330311],[100.80841026795665,13.853503678713155]]]}},{"type":"Feature","properties":{"code":"101701","name":"ห้วยขวาง","parentCode":"1017"},"geometry":{"type":"Polygon","coordinates":[[[100.58653908270928,13.762118110784407],[100.58665449563895,13.76560645456763],[100.58635815070302,13.768201451108384],[100.58646153426915,13.76990465315167],[100.58360803837394,13.771281144774552],[100.58015620831299,13.77213040024817],[100.58154911775256,13.777279391844283],[100.58309841655144,13.780577738711404],[100.58338829333005,13.780792811195791],[100.58354756713462,13.78195556903024],[100.58356036821606,13.78231140025411],[100.58042956158961,13.783474977432247],[100.58125684101276,13.786587018280377],[100.58120487269585,13.788226817669614],[100.58051401758328,13.788210921017834],[100.58042839844857,13.789575243965642],[100.57431500735403,13.78973535536564],[100.57327532243502,13.770506746391336],[100.57255113133321,13.76886850989558],[100.56654274018113,13.761021264584878],[100.56584948512582,13.759242694969705],[100.56490041519176,13.755147198990517],[100.56781892623016,13.754950128572736],[100.56921070664445,13.754613601704593],[100.57190200057295,13.754579505986841],[100.5808455906882,13.753776581921484],[100.58122539796481,13.754737941893218],[100.58090264783402,13.75659416047595],[100.58136523945592,13.75938201754897],[100.58171663800545,13.760155996289473],[100.58256879862445,13.76113804674277],[100.58354476954938,13.761708018089662],[100.58492888442188,13.761948823356304],[100.58584313328465,13.761763287718217],[100.58637430794782,13.762024261640063],[100.58653908270928,13.762118110784407]]]}},{"type":"Feature","properties":{"code":"102503","name":"บางบำหรุ","parentCode":"1025"},"geometry":{"type":"Polygon","coordinates":[[[100.49454264967694,13.7846207678548],[100.47794883127962,13.790064483166729],[100.47591269141898,13.789847335824927],[100.46869485707666,13.787603551653556],[100.48215382567757,13.77350146841988],[100.48787292950388,13.780382150335495],[100.4939018926104,13.784212236129918],[100.49454264967694,13.7846207678548]]]}},{"type":"Feature","properties":{"code":"102009","name":"อรุณอมรินทร์","parentCode":"1020"},"geometry":{"type":"Polygon","coordinates":[[[100.46630722275783,13.78709915543054],[100.46636084311696,13.785687540030223],[100.4666922495068,13.784697996409944],[100.46690905203188,13.7846108282049],[100.46652158123578,13.783934044287422],[100.46709921768004,13.780719310281265],[100.46787018380758,13.77986386700882],[100.46873184056363,13.77936946175039],[100.46982666211335,13.77761603904035],[100.47225097317606,13.769774463138186],[100.47489911741671,13.766129255738134],[100.4781319728475,13.763566388820664],[100.48072193283447,13.761998303168088],[100.48348267938313,13.7612144697259],[100.48735726482433,13.76090071824897],[100.48969316789174,13.760119381867511],[100.49099744059238,13.761906954717647],[100.48545129984284,13.769362987966998],[100.48215382567757,13.77350146841988],[100.46869485707666,13.787603551653556],[100.46630722275783,13.78709915543054]]]}},{"type":"Feature","properties":{"code":"102501","name":"บางพลัด","parentCode":"1025"},"geometry":{"type":"Polygon","coordinates":[[[100.49433555185314,13.798133694676192],[100.47323806281828,13.790594441900627],[100.46650604397797,13.788946551725203],[100.46687555817184,13.788690111575809],[100.46630722275783,13.78709915543054],[100.46869485707666,13.787603551653556],[100.47655884781403,13.79001294663783],[100.47794883127962,13.790064483166729],[100.49454264967694,13.7846207678548],[100.50251926422024,13.78103551552995],[100.50383998424508,13.783732483947913],[100.50830669528031,13.78916717802527],[100.50612410768537,13.790901426049544],[100.50395464805773,13.791350854760333],[100.50305281634999,13.792425275750603],[100.49912983881534,13.794468401347126],[100.49437916745913,13.798083712745777],[100.49433555185314,13.798133694676192]]]}},{"type":"Feature","properties":{"code":"104501","name":"วังทองหลาง","parentCode":"1045"},"geometry":{"type":"Polygon","coordinates":[[[100.6091882217657,13.786348243270101],[100.5892351083217,13.797486415820142],[100.58949352044782,13.79193928536877],[100.59008027843227,13.789726571741715],[100.59010523734511,13.787009044295575],[100.59207695961662,13.78181578347697],[100.59360031816146,13.77938684592093],[100.5936487205294,13.77689175482352],[100.5931756269274,13.774375182080227],[100.5932283511571,13.772260831586074],[100.59379352433514,13.768663019558698],[100.59483279067392,13.766028187059531],[100.59493448880247,13.764915725257854],[100.59469442554386,13.763691357505527],[100.59490139280533,13.762590642726462],[100.5966359971209,13.75954228655626],[100.60364119900073,13.768503048077347],[100.6071941154226,13.77215424034474],[100.60733633283846,13.7760491202908],[100.60813421212562,13.782084214824708],[100.60889851882591,13.785571655203126],[100.6091882217657,13.786348243270101]]]}},{"type":"Feature","properties":{"code":"103002","name":"เสนานิคม","parentCode":"1030"},"geometry":{"type":"Polygon","coordinates":[[[100.5866916424794,13.858329955091191],[100.57233844778399,13.833928907501702],[100.57327788625668,13.833491264477708],[100.58127351129272,13.834844274462325],[100.5899343543247,13.832322868593682],[100.59091561326441,13.836259777077057],[100.5910472809193,13.838363884533198],[100.58998445910814,13.843953505576472],[100.58903312493177,13.845959561012183],[100.58767552966579,13.852339744626855],[100.587527324158,13.856568707759793],[100.586713961231,13.85829591411105],[100.5866916424794,13.858329955091191]]]}},{"type":"Feature","properties":{"code":"104502","name":"สะพานสอง","parentCode":"1045"},"geometry":{"type":"Polygon","coordinates":[[[100.5892351083217,13.797486415820142],[100.6091882217657,13.786348243270101],[100.61295408028698,13.79485861896691],[100.60726872072941,13.795317300084609],[100.60533992160612,13.795167201889871],[100.59967181033308,13.796127261401569],[100.59725875663503,13.798294241145534],[100.59724440258434,13.79898807947962],[100.59595802713929,13.799298113831997],[100.59640494387797,13.801264588559828],[100.59046036834657,13.80282960556757],[100.588533613984,13.802820603285918],[100.58900987752305,13.801359975976622],[100.58923343543727,13.797495465681909],[100.5892351083217,13.797486415820142]]]}},{"type":"Feature","properties":{"code":"100402","name":"สีลม","parentCode":"1004"},"geometry":{"type":"Polygon","coordinates":[[[100.53664665633985,13.729567495519618],[100.53637672009755,13.72929234628915],[100.51669257911124,13.72223338733039],[100.51513245970851,13.718567319378568],[100.51684402671542,13.718101459569843],[100.51763256571004,13.718150853440777],[100.54470067875133,13.726191916639635],[100.53723278747641,13.729323175479463],[100.53664665633985,13.729567495519618]]]}},{"type":"Feature","properties":{"code":"100206","name":"ถนนนครไชยศรี","parentCode":"1002"},"geometry":{"type":"Polygon","coordinates":[[[100.51649349215042,13.800334642933475],[100.5158416540109,13.79822233100927],[100.51411923292072,13.795569732981747],[100.50582304894479,13.786319175713531],[100.50736596252649,13.784804669328562],[100.50830724686506,13.78493110063203],[100.5088464126378,13.784008039068613],[100.51046204266257,13.783200400636526],[100.51128459234387,13.783200999137001],[100.51339414546379,13.781721396550243],[100.51432828978079,13.781907735246955],[100.51541324852558,13.78065136536018],[100.51671422669584,13.780446744252377],[100.51735132048624,13.779746786761914],[100.51807637631977,13.779421419197666],[100.52032679848425,13.778911492926412],[100.5215054395002,13.778026264294697],[100.52267965997076,13.777977195401505],[100.52367093887254,13.777616266804626],[100.52428235009062,13.776793292420235],[100.52789647759163,13.774358519405704],[100.53743071552563,13.79785321083777],[100.53324110268773,13.799832993994643],[100.53234636947444,13.798257832767092],[100.52899244088478,13.798883222838981],[100.52702661099369,13.798645734583552],[100.52580491059406,13.799231837431245],[100.52501389064227,13.799198329917392],[100.52235003337796,13.799985446651489],[100.51668637220335,13.800304075561336],[100.51649349215042,13.800334642933475]]]}},{"type":"Feature","properties":{"code":"101902","name":"ตลิ่งชัน","parentCode":"1019"},"geometry":{"type":"Polygon","coordinates":[[[100.46039408049607,13.797944494464323],[100.45705498800088,13.798398210107079],[100.42575197718287,13.800489159411862],[100.45507611315426,13.777197471647009],[100.45987110558045,13.78048772289999],[100.46134716860182,13.780632633425164],[100.4640918605209,13.781399367705012],[100.46685392793728,13.781706080749379],[100.46651834599713,13.784064006583135],[100.46675636025066,13.78413377453356],[100.46690905203188,13.7846108282049],[100.46654900505337,13.784993764613347],[100.4662379769939,13.786470191301193],[100.46687555817184,13.788690111575809],[100.46654073385997,13.78885481980153],[100.46639549193995,13.789294102218767],[100.46968075114025,13.794858647013937],[100.46467762325298,13.797008273572725],[100.46110806019536,13.79785889584714],[100.46039408049607,13.797944494464323]]]}},{"type":"Feature","properties":{"code":"100203","name":"สวนจิตรลดา","parentCode":"1002"},"geometry":{"type":"Polygon","coordinates":[[[100.52789647759163,13.774358519405704],[100.52428235009062,13.776793292420235],[100.52367093887254,13.777616266804626],[100.52267965997076,13.777977195401505],[100.5213295670742,13.778091756776695],[100.51208014996877,13.761020288420385],[100.51291287520377,13.76018807460739],[100.51550369414574,13.76167381711348],[100.52090262835047,13.757111838962457],[100.52781953539122,13.774170301732024],[100.52789647759163,13.774358519405704]]]}},{"type":"Feature","properties":{"code":"100701","name":"รองเมือง","parentCode":"1007"},"geometry":{"type":"Polygon","coordinates":[[[100.51737647647464,13.753261339364455],[100.51722091495745,13.750914323226075],[100.51581089407618,13.741778545032185],[100.51574056150277,13.738029896790126],[100.52163665404383,13.735719083311261],[100.52407945344741,13.748940994610942],[100.52451737858983,13.749809453887252],[100.52018175308565,13.752432775403893],[100.51747967980198,13.753222286797323],[100.51737647647464,13.753261339364455]]]}},{"type":"Feature","properties":{"code":"100103","name":"วัดราชบพิธ","parentCode":"1001"},"geometry":{"type":"Polygon","coordinates":[[[100.50198594861519,13.751818891164517],[100.49627681724354,13.751269432863065],[100.49635807172699,13.748501741994543],[100.50130734347279,13.7479970901325],[100.50189559733226,13.751698539589201],[100.50198594861519,13.751818891164517]]]}},{"type":"Feature","properties":{"code":"103401","name":"สวนหลวง","parentCode":"1034"},"geometry":{"type":"Polygon","coordinates":[[[100.6219481074035,13.746483841476792],[100.61062453545044,13.74377649113979],[100.60125914810335,13.74807677634972],[100.6002179986179,13.747011277439425],[100.59817840223228,13.741201093255386],[100.59883404024096,13.740817204829085],[100.59894590955133,13.74044022864356],[100.5984098559283,13.73894208904877],[100.59849864431125,13.738314429003465],[100.60080412066584,13.738261067476282],[100.60503003242704,13.737708222736556],[100.60456588817712,13.734976932951657],[100.60475506944054,13.733393872478562],[100.60460415385757,13.732106790526467],[100.60488011864167,13.729433961105448],[100.60504970058872,13.729387663495679],[100.60493043691189,13.728675484596563],[100.60553322209347,13.72681517344562],[100.60545956006241,13.724056486223432],[100.60600561730298,13.721503927160365],[100.60595270415452,13.721030851119218],[100.60528923666195,13.720168545586192],[100.60686590117645,13.719188859143436],[100.6067633261324,13.718635884948757],[100.60620579740365,13.718225973771725],[100.60669380608134,13.716486175343217],[100.60705507828908,13.715924262148679],[100.60750212850874,13.716074246697575],[100.61032312312315,13.715658061416518],[100.61211161078816,13.715641700344797],[100.61231365009326,13.715453403036964],[100.61251200774657,13.713128923635713],[100.61270453949336,13.712910685080073],[100.6132850543327,13.71268394931514],[100.61389002691516,13.71280127864685],[100.61477609736664,13.713489545212724],[100.61574266955972,13.713117584198761],[100.61652638838126,13.711392237581208],[100.6158381033537,13.710562969189182],[100.61625986321434,13.709942612487843],[100.6180572808216,13.710524775975834],[100.61867035257062,13.711346576541954],[100.6191900045585,13.711584554484027],[100.62010606145569,13.711408202262234],[100.62089356628543,13.71048486541024],[100.6212320921999,13.710435381453316],[100.62128002124827,13.712287318534091],[100.62203140938698,13.713265719228739],[100.62244357035516,13.714612980190923],[100.62328149435868,13.714570063365455],[100.62391744567924,13.714978429687156],[100.62431487397615,13.714735610882625],[100.62477688379163,13.713042361415972],[100.62574019265698,13.712454216974608],[100.62786760953949,13.714432534590465],[100.62820455556208,13.715226122514654],[100.62952477919434,13.715574205037498],[100.63259431430635,13.714739701938278],[100.63349227057567,13.71504419165895],[100.63461199187255,13.715005970992305],[100.63350616806858,13.72055807537781],[100.63361419655858,13.721527582308884],[100.63315390450985,13.721918317181967],[100.63343651859229,13.72274442511602],[100.63416228224246,13.723026551914838],[100.63410805676153,13.723332092519167],[100.63324185130999,13.725175150609376],[100.6321932653174,13.726268160635692],[100.63160464238766,13.727374574370891],[100.62939855832522,13.727496684294795],[100.62754171225924,13.732114869264146],[100.62556604257288,13.735553673245352],[100.62417364161297,13.739697408170748],[100.62273669754136,13.742848163832674],[100.621961491242,13.746368608081966],[100.6219481074035,13.746483841476792]]]}},{"type":"Feature","properties":{"code":"100702","name":"วังใหม่","parentCode":"1007"},"geometry":{"type":"Polygon","coordinates":[[[100.52451737858983,13.749809453887252],[100.52407945344741,13.748940994610942],[100.52163665404383,13.735719083311261],[100.52873751619511,13.7328662307265],[100.53125971801222,13.749271643212643],[100.52754143821139,13.749665317306471],[100.52535305488232,13.749267575367172],[100.52459152904834,13.74974685001544],[100.52451737858983,13.749809453887252]]]}},{"type":"Feature","properties":{"code":"100101","name":"พระบรมมหาราชวัง","parentCode":"1001"},"geometry":{"type":"Polygon","coordinates":[[[100.48969316789174,13.760119381867511],[100.4885190444523,13.757705032680574],[100.48781702604856,13.75508782672736],[100.48762645024185,13.752550016750455],[100.48793026143105,13.749864591198406],[100.48868242242634,13.747431823775608],[100.48986389830453,13.74516821254408],[100.49247779126662,13.741764873548757],[100.4938060435899,13.740785093527679],[100.4950276929061,13.742773151907192],[100.49645047540831,13.744395015501016],[100.49613851377396,13.752516584255261],[100.4951665185608,13.756908869438982],[100.4947863149546,13.757471620561384],[100.49099744059238,13.761906954717647],[100.48979536238394,13.760284864649021],[100.48969316789174,13.760119381867511]]]}},{"type":"Feature","properties":{"code":"100204","name":"สี่แยกมหานาค","parentCode":"1002"},"geometry":{"type":"Polygon","coordinates":[[[100.51291287520377,13.76018807460739],[100.51646188085691,13.756631869669107],[100.5172743199648,13.754808828433374],[100.51737647647464,13.753261339364455],[100.5191682651585,13.752740710657232],[100.52090262835047,13.757111838962457],[100.51550369414574,13.76167381711348],[100.51291287520377,13.76018807460739]]]}},{"type":"Feature","properties":{"code":"100107","name":"บวรนิเวศ","parentCode":"1001"},"geometry":{"type":"Polygon","coordinates":[[[100.50015035453575,13.76171015306485],[100.49902491741037,13.75997013497804],[100.49925294690875,13.759564232950366],[100.49896508621526,13.757290309526686],[100.49598647463222,13.75778862862289],[100.49498923192154,13.757205986308731],[100.49522122067678,13.756603456852076],[100.50558543031904,13.753799163402611],[100.50605092066061,13.755552223648033],[100.50584667479836,13.755969283602987],[100.5059754566492,13.756404648070214],[100.50557623058201,13.756428555965568],[100.50414284911616,13.759050825515546],[100.50262077519307,13.760097383502371],[100.50015035453575,13.76171015306485]]]}},{"type":"Feature","properties":{"code":"101904","name":"บางพรม","parentCode":"1019"},"geometry":{"type":"Polygon","coordinates":[[[100.45207442274206,13.759503259911185],[100.4516299415061,13.759408703489111],[100.45094939129481,13.759648871238275],[100.45079578460903,13.758733385825494],[100.44900573133663,13.75854278711925],[100.4482267789255,13.758195951339022],[100.44782097703275,13.75715313061076],[100.4470513113259,13.75690567154715],[100.44623011320715,13.757207669243195],[100.44520123331407,13.756726695543394],[100.44431439416019,13.75706974930753],[100.44099999615489,13.756751293856215],[100.43958007355025,13.756972023824654],[100.43851465927219,13.756658466529277],[100.43828172513801,13.757036101737917],[100.43746916615767,13.75676739295362],[100.43688782471395,13.757165137450686],[100.43551805615786,13.75689175983517],[100.43438510779156,13.757256552828773],[100.43350019486766,13.757065088765772],[100.42411489504221,13.757849453580823],[100.4237394732943,13.757703597222358],[100.41855745263705,13.75794139308405],[100.41450658740595,13.758666385535665],[100.41376732765508,13.759051426280918],[100.41318972476456,13.758924792835707],[100.40648724314319,13.760183503982214],[100.40632400844862,13.758788924535379],[100.40939397147912,13.758436914798416],[100.41124590347734,13.757862463296318],[100.41339953173063,13.756708855426195],[100.41635871849775,13.755532523893429],[100.41951348769078,13.754782159806377],[100.42150041921091,13.753314186732188],[100.42496587994579,13.752720159489574],[100.42623494111236,13.752021284750798],[100.42768914895458,13.750115664470572],[100.43051022589374,13.748399855055494],[100.4343949071809,13.74851966462656],[100.43581588018283,13.748004044941425],[100.43728816427118,13.74794236059297],[100.43927749027294,13.746895718776615],[100.44016952086068,13.74702836612993],[100.44129142648892,13.746568700032908],[100.44199785576035,13.746972484323003],[100.44307241006591,13.746803486139031],[100.44401237922595,13.747025105118583],[100.44541485584257,13.746326487981271],[100.44541048372933,13.74561351305336],[100.44614252706995,13.744916561192646],[100.44721509442616,13.744896711265971],[100.44807437767234,13.744309742882166],[100.44871786056488,13.744439298207446],[100.44906899702725,13.744208985454929],[100.44955216880062,13.744397108752262],[100.44975825695387,13.744169907421483],[100.45045937949638,13.744368046274131],[100.45136146039668,13.743787595348623],[100.4527216627525,13.74392648290866],[100.45422591808774,13.743245299279002],[100.45470407779084,13.743463950433588],[100.4563777910589,13.743364808711805],[100.4570544333586,13.743996973569875],[100.45745838102866,13.744083853619266],[100.45871361060652,13.74369677118025],[100.45980924986675,13.743764866355816],[100.46045829204829,13.748801715760841],[100.4598789135775,13.751465039384781],[100.45694544171394,13.756560374893303],[100.45410456760358,13.759448350923874],[100.45313401193157,13.759711703941996],[100.45215668268742,13.75953328369575],[100.45207442274206,13.759503259911185]]]}},{"type":"Feature","properties":{"code":"101907","name":"บางเชือกหนัง","parentCode":"1019"},"geometry":{"type":"Polygon","coordinates":[[[100.40632400844862,13.758788924535379],[100.40587350181252,13.75429421598588],[100.4058796020527,13.749505368339978],[100.41683762139566,13.747225656704734],[100.41971332407252,13.745645249169236],[100.42148043644843,13.744253125097783],[100.42492285511916,13.743502178398053],[100.4255379428774,13.742951723216281],[100.42708385830883,13.742454641319028],[100.43090158742812,13.742319531858472],[100.43247895383664,13.74034311909534],[100.4391546707698,13.740031951491755],[100.44000439153753,13.740243945557488],[100.44042241937852,13.740650549700984],[100.44317360776583,13.740203960554053],[100.44408902356757,13.740667535342057],[100.44605629676708,13.7407520596369],[100.44790118330694,13.740388694876886],[100.44919010628394,13.740969832113496],[100.44984154613583,13.740515154243052],[100.45061786687202,13.741195342221616],[100.45227037343352,13.741126863051107],[100.45317250853238,13.741776921810638],[100.45314478237563,13.741966917443188],[100.45347246057044,13.742151428458806],[100.4535671641939,13.74195086952349],[100.45389530856718,13.74202351230453],[100.45451735746552,13.742614198868527],[100.45500457169953,13.742520930530544],[100.45544989113303,13.742007566092944],[100.45625046098039,13.742119226771102],[100.45690458427032,13.742942487364932],[100.45664896031491,13.74347620215877],[100.45616885835041,13.743317454528107],[100.45470407779084,13.743463950433588],[100.45422591808774,13.743245299279002],[100.4527216627525,13.74392648290866],[100.45136146039668,13.743787595348623],[100.45045937949638,13.744368046274131],[100.44975825695387,13.744169907421483],[100.44955216880062,13.744397108752262],[100.44906899702725,13.744208985454929],[100.44871786056488,13.744439298207446],[100.44807437767234,13.744309742882166],[100.44721509442616,13.744896711265971],[100.44614252706995,13.744916561192646],[100.44541048372933,13.74561351305336],[100.44541485584257,13.746326487981271],[100.44401237922595,13.747025105118583],[100.44307241006591,13.746803486139031],[100.44199785576035,13.746972484323003],[100.44129142648892,13.746568700032908],[100.44016952086068,13.74702836612993],[100.43927749027294,13.746895718776615],[100.43728816427118,13.74794236059297],[100.43581588018283,13.748004044941425],[100.4343949071809,13.74851966462656],[100.43051022589374,13.748399855055494],[100.42768914895458,13.750115664470572],[100.42623494111236,13.752021284750798],[100.42496587994579,13.752720159489574],[100.42150041921091,13.753314186732188],[100.41951348769078,13.754782159806377],[100.41635871849775,13.755532523893429],[100.41339953173063,13.756708855426195],[100.41124590347734,13.757862463296318],[100.40939397147912,13.758436914798416],[100.4063881102285,13.758779518931542],[100.40632400844862,13.758788924535379]]]}},{"type":"Feature","properties":{"code":"104003","name":"บางไผ่","parentCode":"1040"},"geometry":{"type":"Polygon","coordinates":[[[100.3533729601098,13.750656801602162],[100.36497576508431,13.726330859046946],[100.41778576790445,13.731218760783598],[100.41670099148386,13.735645418550293],[100.41638101138302,13.73577494132332],[100.416755208817,13.738128773720874],[100.41441509907887,13.738803228283322],[100.41392317697996,13.741487460354673],[100.4134017485906,13.747926742408161],[100.40156839479866,13.750368349703026],[100.38993525622247,13.752115605333586],[100.3779536979493,13.753425842213883],[100.3685430381028,13.75396528771408],[100.36262423683807,13.753846656152191],[100.35270247615145,13.752164500578063],[100.35329582952322,13.750813163765024],[100.3533729601098,13.750656801602162]]]}},{"type":"Feature","properties":{"code":"100802","name":"วัดเทพศิรินทร์","parentCode":"1008"},"geometry":{"type":"Polygon","coordinates":[[[100.50875384885171,13.751906378563623],[100.5070138570877,13.748059457323487],[100.51195198762555,13.746367113366187],[100.51633018852573,13.745600136540807],[100.51696275677678,13.749058323290289],[100.50888834161769,13.751879567154399],[100.50875384885171,13.751906378563623]]]}},{"type":"Feature","properties":{"code":"100703","name":"ปทุมวัน","parentCode":"1007"},"geometry":{"type":"Polygon","coordinates":[[[100.54103688110389,13.749453663999217],[100.537173908638,13.749722966616213],[100.53342214690753,13.749144083449774],[100.53125971801222,13.749271643212643],[100.52873751619511,13.7328662307265],[100.53664665633985,13.729567495519618],[100.53881918172542,13.735180924460023],[100.54099886830501,13.749208711614083],[100.54103688110389,13.749453663999217]]]}},{"type":"Feature","properties":{"code":"100704","name":"ลุมพินี","parentCode":"1007"},"geometry":{"type":"Polygon","coordinates":[[[100.54103688110389,13.749453663999217],[100.53881918172542,13.735180924460023],[100.53664665633985,13.729567495519618],[100.5529182535627,13.72276874333945],[100.55008546992363,13.748442177457122],[100.54757437183287,13.748451170002644],[100.54383532345214,13.748840696893085],[100.5411482574252,13.749428109856291],[100.54103688110389,13.749453663999217]]]}},{"type":"Feature","properties":{"code":"103901","name":"คลองเตยเหนือ","parentCode":"1039"},"geometry":{"type":"Polygon","coordinates":[[[100.55008546992363,13.748442177457122],[100.55070012607969,13.74286675325487],[100.55372231927068,13.741846642118908],[100.56615302831678,13.733169517694739],[100.5677263269484,13.741553536595141],[100.56980434711048,13.741439762452066],[100.57079344387505,13.74651121578791],[100.56489711343754,13.747776899266375],[100.55925029583928,13.748506426811877],[100.55032231921372,13.74842599959466],[100.55008546992363,13.748442177457122]]]}},{"type":"Feature","properties":{"code":"100608","name":"หัวหมาก","parentCode":"1006"},"geometry":{"type":"Polygon","coordinates":[[[100.67899752621088,13.752057040426234],[100.67230503178313,13.7549164308898],[100.66973715808693,13.75628174474508],[100.66936854746992,13.763224878067065],[100.66887809993447,13.766435830441988],[100.66464113539753,13.775424184827822],[100.65490790991231,13.770161440596633],[100.64986150542967,13.766100714604793],[100.64811151223994,13.765202898338464],[100.62101877423062,13.762234877606549],[100.61529847317982,13.761272513460508],[100.61393299644473,13.76054817473482],[100.61069359265619,13.757258840440787],[100.60994210507128,13.757067152481412],[100.60998237589453,13.75670194017244],[100.60410559376803,13.75124001411449],[100.60431177884752,13.751049982897992],[100.60125914810335,13.74807677634972],[100.61062453545044,13.74377649113979],[100.61439888807197,13.74453482068966],[100.6195925587752,13.746040786442041],[100.62684398412401,13.747674302621286],[100.6359681666612,13.750087210332323],[100.63901689796083,13.749282839353684],[100.64078623094763,13.747917498556147],[100.64320230315599,13.746728617292332],[100.64563210149825,13.746433340797523],[100.64858504330365,13.744092893690228],[100.64843248675133,13.743185507738426],[100.64749412788312,13.742629108195436],[100.64840008748705,13.74194062244439],[100.65831545473418,13.738538845205964],[100.65929988308308,13.73841472291647],[100.66269910624956,13.740065148797868],[100.6634620515381,13.74016508221751],[100.6635397847813,13.740944154146021],[100.6631676061636,13.742252769173067],[100.6636143689136,13.742832758758459],[100.66456854859655,13.743169796498446],[100.6654381683786,13.745851835159755],[100.66625423549392,13.746841718725566],[100.66875296919949,13.74771966097168],[100.67050076495467,13.74766602247821],[100.67162997275085,13.748884252211113],[100.672603503896,13.749418845185456],[100.67548747024064,13.748469404952823],[100.67739965684756,13.74902132502485],[100.67797110714694,13.749737146292862],[100.67902403184593,13.752003216924622],[100.67899752621088,13.752057040426234]]]}},{"type":"Feature","properties":{"code":"102007","name":"บางขุนศรี","parentCode":"1020"},"geometry":{"type":"Polygon","coordinates":[[[100.45679802146353,13.775882199146844],[100.45506591534226,13.773307126481217],[100.45390816600332,13.769759152817548],[100.45352676297793,13.766217889143363],[100.45426513913134,13.762798828641115],[100.45759792629323,13.759352005161084],[100.46182056507038,13.751971050575317],[100.46248092347172,13.74913549170673],[100.46234326736854,13.747815401697665],[100.46253012355551,13.747657231256216],[100.46232894396005,13.747649384845808],[100.46217331046245,13.745946349884054],[100.46231008108859,13.744329716604245],[100.46289563336614,13.74425053794806],[100.46423951842111,13.743436913507825],[100.46634254158458,13.74304363034856],[100.47047012570498,13.74311736674158],[100.46920694115464,13.757794931537019],[100.4696978756288,13.759034938812537],[100.47295986799067,13.76288889578548],[100.45840476077298,13.774547258772436],[100.45679802146353,13.775882199146844]]]}},{"type":"Feature","properties":{"code":"103701","name":"ทุ่งพญาไท","parentCode":"1037"},"geometry":{"type":"Polygon","coordinates":[[[100.5389523778259,13.766029803852483],[100.53749327524312,13.766946451233023],[100.53714935680257,13.767475136246611],[100.53269385455211,13.77097173157731],[100.52789647759163,13.774358519405704],[100.52090262835047,13.757111838962457],[100.53182755434564,13.753227331741758],[100.53895957546544,13.766025009648773],[100.5389523778259,13.766029803852483]]]}},{"type":"Feature","properties":{"code":"101105","name":"ทับยาว","parentCode":"1011"},"geometry":{"type":"Polygon","coordinates":[[[100.84106464729537,13.77068253685329],[100.83961502524069,13.769843799481716],[100.83738845990828,13.767569285203766],[100.8342678607452,13.76795633109901],[100.83224480703325,13.767539824831273],[100.83148422348147,13.766568242913333],[100.83075356506964,13.764168422510084],[100.83177827336773,13.759277993280312],[100.83174390845073,13.758129284885834],[100.83230866041347,13.756812308127277],[100.83307018951164,13.756202224751386],[100.83299624929653,13.754869662039274],[100.83238698880356,13.752322069909345],[100.83253433805992,13.751132469818456],[100.83160549520281,13.749694411475307],[100.83078449776886,13.749045248802798],[100.8273683654878,13.748478596366663],[100.82624182317103,13.747473547045237],[100.826060619931,13.746834314102294],[100.82619927395842,13.74504035562864],[100.82661354885266,13.743617177722365],[100.82551838154569,13.743600431067842],[100.82505238213628,13.743941678613018],[100.82411322267593,13.74407289985494],[100.81250420588364,13.748529561496385],[100.7985887738803,13.753496277779792],[100.79708840549205,13.752110816504102],[100.7958339810291,13.749706752127057],[100.79512641711175,13.74648977544043],[100.79505414490917,13.74542266071581],[100.79557707670476,13.742838438778733],[100.79453016436807,13.739065814243828],[100.79458118834265,13.7377978305627],[100.79508498140176,13.73566001221701],[100.79498204862732,13.734738860708308],[100.79206005508951,13.730500817963822],[100.79178211206857,13.729054454769404],[100.79022969899808,13.725045946978534],[100.78965539334024,13.72238494931412],[100.78826097364512,13.720152425821036],[100.78827597947229,13.719845016041964],[100.7879452477614,13.719738950888965],[100.78797012622498,13.716690610155984],[100.79254731643327,13.715224882876745],[100.80236412339181,13.711674894964645],[100.80915848717773,13.708909283264576],[100.8288009187243,13.70194777021927],[100.83253058643086,13.709509902673727],[100.83478598814607,13.712830483611409],[100.83655306767095,13.716947756227068],[100.83871353050591,13.720079191363887],[100.83923133919367,13.721650216754913],[100.83880811325739,13.730884605424396],[100.83805571846216,13.733767697678093],[100.83914996808853,13.737748711815982],[100.8407707710677,13.740335060095413],[100.84128330943193,13.741665474101303],[100.84249967449972,13.749425699180732],[100.84277000792024,13.753548403472637],[100.84333385765089,13.755004955507273],[100.84378609273735,13.755564188589076],[100.84532443159019,13.75593566024294],[100.85377028521214,13.755145848323888],[100.85567952379915,13.754697659064814],[100.85688571680821,13.755231980322405],[100.85774680594669,13.756484025292645],[100.85860866822574,13.760175172810914],[100.85825360337645,13.765121602974643],[100.85841228646551,13.766115707863118],[100.85915529099375,13.767775338824512],[100.86095096509398,13.77027431714851],[100.86045158930847,13.770485962680949],[100.85840151383928,13.770385082441633],[100.85636658587572,13.771031960318629],[100.85533511387813,13.771118817636626],[100.84807497489534,13.771000572575067],[100.8461207915684,13.770748612615828],[100.84351737193175,13.771056206825392],[100.84114335543643,13.770696635856307],[100.84106464729537,13.77068253685329]]]}},{"type":"Feature","properties":{"code":"100112","name":"วัดสามพระยา","parentCode":"1001"},"geometry":{"type":"Polygon","coordinates":[[[100.5038890378599,13.769802481752698],[100.50189016308244,13.77141126567515],[100.49904260396417,13.772908822195683],[100.49696152994416,13.768241324413168],[100.49492854567512,13.765670655659253],[100.49638803686943,13.764133000806165],[100.4986158110933,13.762710438387257],[100.50114194740415,13.766930022646806],[100.50372200140198,13.76962271329952],[100.5038890378599,13.769802481752698]]]}},{"type":"Feature","properties":{"code":"101106","name":"ขุมทอง","parentCode":"1011"},"geometry":{"type":"Polygon","coordinates":[[[100.86095096509398,13.77027431714851],[100.85915529099375,13.767775338824512],[100.85841228646551,13.766115707863118],[100.85825360337645,13.765121602974643],[100.85860866822574,13.760175172810914],[100.85774680594669,13.756484025292645],[100.85688571680821,13.755231980322405],[100.85567952379915,13.754697659064814],[100.85377028521214,13.755145848323888],[100.84532443159019,13.75593566024294],[100.84378609273735,13.755564188589076],[100.84333385765089,13.755004955507273],[100.84277000792024,13.753548403472637],[100.84249967449972,13.749425699180732],[100.84128330943193,13.741665474101303],[100.8407707710677,13.740335060095413],[100.83914996808853,13.737748711815982],[100.83805571846216,13.733767697678093],[100.83880811325739,13.730884605424396],[100.83923133919367,13.721650216754913],[100.83871353050591,13.720079191363887],[100.83655306767095,13.716947756227068],[100.83478598814607,13.712830483611409],[100.83253058643086,13.709509902673727],[100.8288009187243,13.70194777021927],[100.84020551276436,13.69694421910782],[100.84071183817072,13.696750653312664],[100.84082662697142,13.697024330877207],[100.84893201527102,13.693665015324454],[100.85587915384953,13.691158069124306],[100.85934718956726,13.689465664816174],[100.86074253246281,13.69697929070662],[100.85514158086502,13.69935767148074],[100.86695283849522,13.718808824839138],[100.87878921366219,13.737813846334893],[100.88041663449383,13.740092544792825],[100.87800851725298,13.74128919918302],[100.87578112324707,13.742035953737984],[100.8749749470976,13.7426781232529],[100.87373094409018,13.743052481383913],[100.87115618633173,13.74575853935714],[100.86838096040553,13.749425244143888],[100.86649613197974,13.753308874283194],[100.86628463951573,13.754987007384688],[100.86660597914367,13.758199807557661],[100.8657858891422,13.760231638476668],[100.86570188035745,13.761516787254571],[100.86502432471889,13.76316003790465],[100.86474867768584,13.764984392716272],[100.86370460201205,13.767561321199485],[100.86100731990086,13.770238869235744],[100.86095096509398,13.77027431714851]]]}},{"type":"Feature","properties":{"code":"100111","name":"บางขุนพรหม","parentCode":"1001"},"geometry":{"type":"Polygon","coordinates":[[[100.50114194740415,13.766930022646806],[100.50232879444091,13.76605839302994],[100.50507814619036,13.76142134618663],[100.50581016883382,13.760834962425315],[100.50768236670888,13.759950083070159],[100.50942896941675,13.763637626272999],[100.5038890378599,13.769802481752698],[100.50130722438121,13.76710641331016],[100.50114194740415,13.766930022646806]]]}},{"type":"Feature","properties":{"code":"100110","name":"บ้านพานถม","parentCode":"1001"},"geometry":{"type":"Polygon","coordinates":[[[100.50114194740415,13.766930022646806],[100.4986158110933,13.762710438387257],[100.50414284911616,13.759050825515546],[100.50557623058201,13.756428555965568],[100.5059754566492,13.756404648070214],[100.50768236670888,13.759950083070159],[100.50581016883382,13.760834962425315],[100.5049805565334,13.761525895349665],[100.50232879444091,13.76605839302994],[100.501264675019,13.766869388494582],[100.50114194740415,13.766930022646806]]]}},{"type":"Feature","properties":{"code":"103702","name":"ถนนพญาไท","parentCode":"1037"},"geometry":{"type":"Polygon","coordinates":[[[100.53924888840471,13.765837214346766],[100.5389691726279,13.766018617676245],[100.53780326667065,13.764056468414791],[100.53182755434564,13.753227331741758],[100.54111529909892,13.749955983648032],[100.54246601802463,13.756230955169453],[100.54250578115361,13.762476834824046],[100.54275036549262,13.762844783245216],[100.54337423096442,13.7627911593502],[100.54236453156601,13.763765812915686],[100.54149190262082,13.764049232548707],[100.5394564758169,13.765674340122299],[100.53924888840471,13.765837214346766]]]}},{"type":"Feature","properties":{"code":"100109","name":"ชนะสงคราม","parentCode":"1001"},"geometry":{"type":"Polygon","coordinates":[[[100.4986158110933,13.762710438387257],[100.49638803686943,13.764133000806165],[100.49492854567512,13.765670655659253],[100.49099744059238,13.761906954717647],[100.49455607495658,13.757712561974621],[100.4953603068231,13.759392408593733],[100.49844518910868,13.7624199544007],[100.4986158110933,13.762710438387257]]]}},{"type":"Feature","properties":{"code":"102004","name":"ศิริราช","parentCode":"1020"},"geometry":{"type":"Polygon","coordinates":[[[100.47537575617118,13.765726403208916],[100.47281018345905,13.762706739899283],[100.47513268638818,13.761065733430254],[100.47779347371889,13.760284821367263],[100.47800494738199,13.755577363899866],[100.48302222623218,13.756016149943092],[100.48317385243496,13.750080816207854],[100.48340897533114,13.748870370812094],[100.48428278382444,13.746841398110234],[100.48837776789019,13.74824382524459],[100.48770454360924,13.751279499708101],[100.48770800664944,13.754298661393335],[100.48835897623437,13.757252896089259],[100.48969316789174,13.760119381867511],[100.48735726482433,13.76090071824897],[100.48348267938313,13.7612144697259],[100.48072193283447,13.761998303168088],[100.47594003020228,13.765196471854516],[100.47537575617118,13.765726403208916]]]}},{"type":"Feature","properties":{"code":"101702","name":"บางกะปิ","parentCode":"1017"},"geometry":{"type":"Polygon","coordinates":[[[100.59478541933643,13.763984537315967],[100.59326438322333,13.763327749281892],[100.59160045315197,13.76299163094354],[100.58923516007815,13.762783184145432],[100.58801274019937,13.763037382596085],[100.58600576273777,13.76179613727973],[100.58492888442188,13.761948823356304],[100.58370466115832,13.761763484531587],[100.58256879862445,13.76113804674277],[100.58136523945592,13.75938201754897],[100.58087836483332,13.756334441113976],[100.58121515738151,13.754589992268508],[100.5808455906882,13.753776581921484],[100.57190200057295,13.754579505986841],[100.56921070664445,13.754613601704593],[100.56781892623016,13.754950128572736],[100.56490041519176,13.755147198990517],[100.56328550318426,13.747902369854787],[100.56489711343754,13.747776899266375],[100.56751589497591,13.747104926839858],[100.572074983149,13.746377631921533],[100.5892522107702,13.742610099340055],[100.59817840223228,13.741201093255386],[100.60038758467066,13.747303946354796],[100.60431177884752,13.751049982897992],[100.59772308763003,13.757491285353446],[100.59621733808956,13.760447773576304],[100.59508835793858,13.762120530774219],[100.59475991699061,13.763888662588121],[100.59478541933643,13.763984537315967]]]}},{"type":"Feature","properties":{"code":"100805","name":"วัดโสมนัส","parentCode":"1008"},"geometry":{"type":"Polygon","coordinates":[[[100.51208014996877,13.761020288420385],[100.50942896941675,13.763637626272999],[100.5059754566492,13.756404648070214],[100.51646188085691,13.756631869669107],[100.51251087512595,13.76059053458476],[100.51208014996877,13.761020288420385]]]}},{"type":"Feature","properties":{"code":"101903","name":"ฉิมพลี","parentCode":"1019"},"geometry":{"type":"Polygon","coordinates":[[[100.42575197718287,13.800489159411862],[100.41106533432198,13.801353603122614],[100.40928079648175,13.780457228828958],[100.41955828225662,13.778688523550358],[100.42045618882798,13.778721760738131],[100.42296362393273,13.778127606796405],[100.42748681676163,13.777651690125479],[100.4283867426084,13.777066799663555],[100.42964102210871,13.77667533237719],[100.43011971747141,13.776783286869824],[100.43111004367347,13.776332328521383],[100.43174989539692,13.776326347157527],[100.43340701653167,13.775264713631543],[100.43481977772694,13.775177386142536],[100.43731127817854,13.774260017898897],[100.43826135736651,13.774321136457278],[100.44024476968663,13.773407837649467],[100.44220831127744,13.773592954794076],[100.44279286565035,13.773337550271169],[100.44380519630923,13.773464949819143],[100.4447102268561,13.77296811168485],[100.44546439932913,13.772943346268093],[100.44709206268762,13.773497628878953],[100.44898727055902,13.772723766297599],[100.4499248481979,13.77197700022039],[100.45113554611957,13.772028624891695],[100.45124832742216,13.772226830756617],[100.45202055133971,13.772130752459333],[100.45207871981222,13.773407249968177],[100.45246271418503,13.774279564824539],[100.45507611315426,13.777197471647009],[100.42690034665843,13.799581918962495],[100.42575197718287,13.800489159411862]]]}},{"type":"Feature","properties":{"code":"104403","name":"ทับช้าง","parentCode":"1044"},"geometry":{"type":"Polygon","coordinates":[[[100.7096533880409,13.761611936182128],[100.7092095400016,13.763031267886014],[100.70753586610927,13.763450885272606],[100.70664903935909,13.763938510213881],[100.70465677758615,13.763852450401297],[100.70312008079686,13.764584486693023],[100.70214070860466,13.764708374184183],[100.7013092572301,13.76420959557475],[100.69987909505589,13.763985056658495],[100.69907054344526,13.76272846802615],[100.69764003914369,13.76182082640536],[100.69570870985763,13.757828477033458],[100.6942859669877,13.75549294136788],[100.693670616479,13.754989754022565],[100.69130549322398,13.75427636441485],[100.68968922889636,13.75448083840927],[100.68736496570061,13.753594343745343],[100.68412278156144,13.754413298552524],[100.68240255293942,13.753941666076168],[100.68016593169126,13.754791692406878],[100.67892004435409,13.751684180709576],[100.67749016844418,13.749071552012106],[100.67548747024064,13.748469404952823],[100.672603503896,13.749418845185456],[100.67162997275085,13.748884252211113],[100.67050076495467,13.74766602247821],[100.66875296919949,13.74771966097168],[100.66625423549392,13.746841718725566],[100.6654381683786,13.745851835159755],[100.66456854859655,13.743169796498446],[100.6636143689136,13.742832758758459],[100.6631676061636,13.742252769173067],[100.6635397847813,13.740944154146021],[100.6634620515381,13.74016508221751],[100.66269910624956,13.740065148797868],[100.65960599059733,13.738636375297599],[100.65897024412882,13.737723210440022],[100.66720408257598,13.737084716466127],[100.67641372793203,13.73569249812671],[100.70837305181797,13.73210306417066],[100.70981143533862,13.756491677313564],[100.7083162208918,13.75639358356042],[100.70664666028227,13.756799459992928],[100.7070052633854,13.757716653873207],[100.70964455436884,13.761604158330874],[100.7096533880409,13.761611936182128]]]}},{"type":"Feature","properties":{"code":"102502","name":"บางอ้อ","parentCode":"1025"},"geometry":{"type":"Polygon","coordinates":[[[100.51523275077462,13.813140980881517],[100.50182001908048,13.801133218301775],[100.50000048454397,13.800180506613385],[100.49433555185314,13.798133694676192],[100.49912983881534,13.794468401347126],[100.50305281634999,13.792425275750603],[100.50395464805773,13.791350854760333],[100.50612410768537,13.790901426049544],[100.50830669528031,13.78916717802527],[100.51037133340466,13.791209831599069],[100.51527851823249,13.797133174551465],[100.51621866346517,13.799223371705663],[100.5173136934152,13.802913697335544],[100.51765293827455,13.804955619103804],[100.51739454609806,13.809158239867592],[100.51633000605894,13.811979433304137],[100.51524598832523,13.813131859864853],[100.51523275077462,13.813140980881517]]]}},{"type":"Feature","properties":{"code":"103704","name":"มักกะสัน","parentCode":"1037"},"geometry":{"type":"Polygon","coordinates":[[[100.54337423096442,13.7627911593502],[100.54275036549262,13.762844783245216],[100.54250578115361,13.762476834824046],[100.54246601802463,13.756230955169453],[100.54103688110389,13.749453663999217],[100.54349920365289,13.748877828390514],[100.54757437183287,13.748451170002644],[100.55560932939423,13.748339599109913],[100.55874309513035,13.748541270072026],[100.56328550318426,13.747902369854787],[100.56490041519176,13.755147198990517],[100.55590885457684,13.75606284632527],[100.55249541731723,13.755973640587163],[100.55046768179777,13.75865636787207],[100.54741395857863,13.759838234882599],[100.5471230086447,13.760506705377049],[100.54606002863422,13.760493039170939],[100.54549348264938,13.761353062453805],[100.54346442142165,13.762706981243443],[100.54337423096442,13.7627911593502]]]}},{"type":"Feature","properties":{"code":"100108","name":"ตลาดยอด","parentCode":"1001"},"geometry":{"type":"Polygon","coordinates":[[[100.50015035453575,13.76171015306485],[100.4986158110933,13.762710438387257],[100.49524380369539,13.759249614750841],[100.49455607495658,13.757712561974621],[100.49498923192154,13.757205986308731],[100.49622823192114,13.757814279064783],[100.49896508621526,13.757290309526686],[100.49925294690875,13.759564232950366],[100.49902491741037,13.75997013497804],[100.50015035453575,13.76171015306485]]]}},{"type":"Feature","properties":{"code":"102005","name":"บ้านช่างหล่อ","parentCode":"1020"},"geometry":{"type":"Polygon","coordinates":[[[100.47281018345905,13.762706739899283],[100.4696978756288,13.759034938812537],[100.46920694115464,13.757794931537019],[100.47047012570498,13.74311736674158],[100.47435175853151,13.743786851075123],[100.47542968648428,13.744626731144486],[100.47714241142127,13.74411478775185],[100.47818238854411,13.746366175341294],[100.47954274673542,13.74597496893914],[100.4811883414561,13.746001249567092],[100.48251301597328,13.746186510504224],[100.48428278382444,13.746841398110234],[100.48340897533114,13.748870370812094],[100.48317385243496,13.750080816207854],[100.48302222623218,13.756016149943092],[100.47800494738199,13.755577363899866],[100.47779347371889,13.760284821367263],[100.47513268638818,13.761065733430254],[100.47376098130903,13.761967723742485],[100.47281018345905,13.762706739899283]]]}},{"type":"Feature","properties":{"code":"103703","name":"ถนนเพชรบุรี","parentCode":"1037"},"geometry":{"type":"Polygon","coordinates":[[[100.52087325666066,13.757038575663845],[100.5191682651585,13.752740710657232],[100.5202669884458,13.752385923134026],[100.52525615354583,13.749297552642133],[100.52754143821139,13.749665317306471],[100.53308166921876,13.749133771753876],[100.53659530290085,13.749710754727285],[100.54103688110389,13.749453663999217],[100.54111529909892,13.749955983648032],[100.52090262835047,13.757111838962457],[100.52087325666066,13.757038575663845]]]}},{"type":"Feature","properties":{"code":"100803","name":"คลองมหานาค","parentCode":"1008"},"geometry":{"type":"Polygon","coordinates":[[[100.51646188085691,13.756631869669107],[100.50966670660245,13.756455510854432],[100.50923116736277,13.753067277642376],[100.50875384885171,13.751906378563623],[100.51696275677678,13.749058323290289],[100.51737702456084,13.752180003033425],[100.51737494454018,13.754010485647127],[100.51671689772486,13.756113926569792],[100.51646188085691,13.756631869669107]]]}},{"type":"Feature","properties":{"code":"100105","name":"ศาลเจ้าพ่อเสือ","parentCode":"1001"},"geometry":{"type":"Polygon","coordinates":[[[100.49875145978895,13.75560010657227],[100.49522122067678,13.756603456852076],[100.49627681724354,13.751269432863065],[100.49822421096566,13.751489242357989],[100.49873696339816,13.755501891084602],[100.49875145978895,13.75560010657227]]]}},{"type":"Feature","properties":{"code":"100804","name":"บ้านบาตร","parentCode":"1008"},"geometry":{"type":"Polygon","coordinates":[[[100.5059754566492,13.756404648070214],[100.50584667479836,13.755969283602987],[100.50605092066061,13.755552223648033],[100.50390733162972,13.746785786085379],[100.5056741792005,13.745619090630065],[100.50639941948836,13.746691481294313],[100.5091649684826,13.75283830872153],[100.50966670660245,13.756455510854432],[100.5062098218295,13.756359148740907],[100.5059754566492,13.756404648070214]]]}},{"type":"Feature","properties":{"code":"100106","name":"เสาชิงช้า","parentCode":"1001"},"geometry":{"type":"Polygon","coordinates":[[[100.50239837991397,13.754591478456124],[100.49875145978895,13.75560010657227],[100.49822421096566,13.751489242357989],[100.50198594861519,13.751818891164517],[100.50220088148087,13.753258238461095],[100.50239837991397,13.754591478456124]]]}},{"type":"Feature","properties":{"code":"100104","name":"สำราญราษฎร์","parentCode":"1001"},"geometry":{"type":"Polygon","coordinates":[[[100.50558543031904,13.753799163402611],[100.50239837991397,13.754591478456124],[100.50130734347279,13.7479970901325],[100.50415042615,13.747747000551556],[100.50518822400218,13.752148508455372],[100.50558543031904,13.753799163402611]]]}},{"type":"Feature","properties":{"code":"100202","name":"วชิรพยาบาล","parentCode":"1002"},"geometry":{"type":"Polygon","coordinates":[[[100.51072789959747,13.783194248401015],[100.50868526472549,13.784117499803806],[100.50830724686506,13.78493110063203],[100.50736596252649,13.784804669328562],[100.50582304894479,13.786319175713531],[100.50383998424508,13.783732483947913],[100.49904260396417,13.772908822195683],[100.50189016308244,13.77141126567515],[100.5038890378599,13.769802481752698],[100.5050603102914,13.77119417101979],[100.5106833314175,13.783095089224249],[100.51072789959747,13.783194248401015]]]}},{"type":"Feature","properties":{"code":"102504","name":"บางยี่ขัน","parentCode":"1025"},"geometry":{"type":"Polygon","coordinates":[[[100.49454264967694,13.7846207678548],[100.48787292950388,13.780382150335495],[100.48215382567757,13.77350146841988],[100.49099744059238,13.761906954717647],[100.49492854567512,13.765670655659253],[100.49696152994416,13.768241324413168],[100.50251926422024,13.78103551552995],[100.49506666953299,13.784397247730526],[100.49454264967694,13.7846207678548]]]}},{"type":"Feature","properties":{"code":"101103","name":"คลองสามประเวศ","parentCode":"1011"},"geometry":{"type":"Polygon","coordinates":[[[100.7686219107393,13.781987284126833],[100.76770698734006,13.781987081712044],[100.76757153085777,13.781651376791315],[100.76482565492486,13.78173435782473],[100.76463657881834,13.78103072344087],[100.7621318735191,13.778898676564827],[100.76074412182156,13.777269277016877],[100.76067438505103,13.77660093797396],[100.75998488166819,13.7758285699104],[100.7595586173842,13.775709599294752],[100.75795394512718,13.775905222968902],[100.75503313762407,13.77786480181686],[100.74643558082981,13.777892072089273],[100.74631557233138,13.772005519970053],[100.73899792258142,13.771739842482393],[100.73904994599162,13.72742836174565],[100.76925942917346,13.728144705635481],[100.76862290573978,13.78188898530911],[100.7686219107393,13.781987284126833]]]}},{"type":"Feature","properties":{"code":"100201","name":"ดุสิต","parentCode":"1002"},"geometry":{"type":"Polygon","coordinates":[[[100.5213295670742,13.778091756776695],[100.52032679848425,13.778911492926412],[100.51807637631977,13.779421419197666],[100.51735132048624,13.779746786761914],[100.51671422669584,13.780446744252377],[100.51541324852558,13.78065136536018],[100.51432828978079,13.781907735246955],[100.51339414546379,13.781721396550243],[100.51141190442019,13.783133551750787],[100.51072789959747,13.783194248401015],[100.5050603102914,13.77119417101979],[100.5038890378599,13.769802481752698],[100.50908553331993,13.763980967789205],[100.51208014996877,13.761020288420385],[100.52054547764544,13.77652714837998],[100.5213295670742,13.778091756776695]]]}},{"type":"Feature","properties":{"code":"101901","name":"คลองชักพระ","parentCode":"1019"},"geometry":{"type":"Polygon","coordinates":[[[100.46685392793728,13.781706080749379],[100.4640918605209,13.781399367705012],[100.46134716860182,13.780632633425164],[100.45987110558045,13.78048772289999],[100.459299255943,13.78018151001581],[100.45532518921559,13.777468316438236],[100.45260106273537,13.774499087939311],[100.45207871981222,13.773407249968177],[100.45150728793217,13.765856915226601],[100.45204990704808,13.762837883500165],[100.45256953509077,13.761527469987385],[100.45390927914879,13.7596472440811],[100.45694544171394,13.756560374893303],[100.4598789135775,13.751465039384781],[100.46045829204829,13.748801715760841],[100.45998508434162,13.743880210000386],[100.46180433175324,13.744416329642398],[100.46231008108859,13.744329716604245],[100.46217331046245,13.745946349884054],[100.46232894396005,13.747649384845808],[100.46253012355551,13.747657231256216],[100.46234326736854,13.747815401697665],[100.46248092347172,13.74913549170673],[100.46219117014238,13.750687494377322],[100.46149825735476,13.752655447921297],[100.45759792629323,13.759352005161084],[100.45426513913134,13.762798828641115],[100.45352676297793,13.766217889143363],[100.45390816600332,13.769759152817548],[100.45506591534226,13.773307126481217],[100.4574235631275,13.77673951392232],[100.45757245731416,13.777260667082219],[100.45996828940774,13.778544773238838],[100.46053345071203,13.778705261127472],[100.46072081645089,13.778532397747714],[100.46112883498039,13.778985342947339],[100.46172164429616,13.7791298454708],[100.46261350092546,13.77921381127085],[100.46522053273428,13.778670620932804],[100.46645071588374,13.778875722411783],[100.46712103793197,13.77930675427497],[100.46723396181709,13.77915466908904],[100.46787018380758,13.77986386700882],[100.46709921768004,13.780719310281265],[100.46686683454932,13.781643857138246],[100.46685392793728,13.781706080749379]]]}},{"type":"Feature","properties":{"code":"101905","name":"บางระมาด","parentCode":"1019"},"geometry":{"type":"Polygon","coordinates":[[[100.41029476460824,13.780275145534212],[100.40928079648175,13.780457228828958],[100.40827499947864,13.774765695414743],[100.40648724314319,13.760183503982214],[100.41318972476456,13.758924792835707],[100.41376732765508,13.759051426280918],[100.41450658740595,13.758666385535665],[100.41855745263705,13.75794139308405],[100.4237394732943,13.757703597222358],[100.42411489504221,13.757849453580823],[100.43350019486766,13.757065088765772],[100.43438510779156,13.757256552828773],[100.43551805615786,13.75689175983517],[100.43688782471395,13.757165137450686],[100.43746916615767,13.75676739295362],[100.43828172513801,13.757036101737917],[100.43851465927219,13.756658466529277],[100.43958007355025,13.756972023824654],[100.44099999615489,13.756751293856215],[100.44431439416019,13.75706974930753],[100.44520123331407,13.756726695543394],[100.44629257517978,13.75721408236387],[100.44713976775799,13.756909671917576],[100.44794404768318,13.757240543600412],[100.4482267789255,13.758195951339022],[100.44900573133663,13.75854278711925],[100.45085497415188,13.758771455561138],[100.45094939129481,13.759648871238275],[100.45180100065278,13.759404305781503],[100.45313401193157,13.759711703941996],[100.45410456760358,13.759448350923874],[100.45256953509077,13.761527469987385],[100.45175001293207,13.76425773708951],[100.45152819840321,13.768028552661939],[100.45202055133971,13.772130752459333],[100.45124832742216,13.772226830756617],[100.45113554611957,13.772028624891695],[100.4499248481979,13.77197700022039],[100.44898727055902,13.772723766297599],[100.44709206268762,13.773497628878953],[100.44546439932913,13.772943346268093],[100.4447102268561,13.77296811168485],[100.44380519630923,13.773464949819143],[100.44279286565035,13.773337550271169],[100.44220831127744,13.773592954794076],[100.44024476968663,13.773407837649467],[100.43826135736651,13.774321136457278],[100.43731127817854,13.774260017898897],[100.43481977772694,13.775177386142536],[100.43340701653167,13.775264713631543],[100.43174989539692,13.776326347157527],[100.43111004367347,13.776332328521383],[100.43011971747141,13.776783286869824],[100.42964102210871,13.77667533237719],[100.4283867426084,13.777066799663555],[100.42748681676163,13.777651690125479],[100.42296362393273,13.778127606796405],[100.42045618882798,13.778721760738131],[100.41955828225662,13.778688523550358],[100.41039122133425,13.780262163044984],[100.41029476460824,13.780275145534212]]]}},{"type":"Feature","properties":{"code":"101102","name":"คลองสองต้นนุ่น","parentCode":"1011"},"geometry":{"type":"Polygon","coordinates":[[[100.73899792258142,13.771739842482393],[100.73894989128755,13.777358711669581],[100.73798652924097,13.777216382374032],[100.73649809664067,13.77609708073449],[100.73368245104251,13.774789403838723],[100.7247586021984,13.776266624189052],[100.72079047478353,13.778265929951688],[100.71636463684897,13.778144311917345],[100.71667610657632,13.776869963791178],[100.71635283674084,13.772647825361775],[100.71608394622913,13.771678054674625],[100.71314592505503,13.766720524607495],[100.71248118928222,13.765118540634564],[100.71123429622466,13.763729615982713],[100.7103071454642,13.762199496166732],[100.7093641952196,13.761277325577947],[100.7070052633854,13.757716653873207],[100.70664666028227,13.756799459992928],[100.7083162208918,13.75639358356042],[100.70981143533862,13.756491677313564],[100.70839920208915,13.730846516185384],[100.73904994599162,13.72742836174565],[100.73900366150143,13.77165619538888],[100.73899792258142,13.771739842482393]]]}},{"type":"Feature","properties":{"code":"102006","name":"บางขุนนนท์","parentCode":"1020"},"geometry":{"type":"Polygon","coordinates":[[[100.46296322298008,13.77912246781473],[100.46112883498039,13.778985342947339],[100.46079151679353,13.778561356554583],[100.45996828940774,13.778544773238838],[100.45767529792978,13.777345933685769],[100.45679802146353,13.775882199146844],[100.47295986799067,13.76288889578548],[100.47537575617118,13.765726403208916],[100.47396776317107,13.76720601308765],[100.47225097317606,13.769774463138186],[100.47172053370127,13.771003618848503],[100.4704334435797,13.776020330548219],[100.46953315880216,13.778100275557984],[100.46873184056363,13.77936946175039],[100.46787018380758,13.77986386700882],[100.46723396181709,13.77915466908904],[100.46712103793197,13.77930675427497],[100.46560726715471,13.778675097495631],[100.46304061376993,13.779111838212094],[100.46296322298008,13.77912246781473]]]}},{"type":"Feature","properties":{"code":"104801","name":"ทวีวัฒนา","parentCode":"1048"},"geometry":{"type":"Polygon","coordinates":[[[100.35562083273399,13.7803711035772],[100.3526996822167,13.77993631195286],[100.35187894686686,13.779554365304934],[100.35045268359335,13.779321508253036],[100.34482701019897,13.778823477151276],[100.34236973737785,13.778937461496747],[100.34030684951719,13.77846958673998],[100.34222444501523,13.774244256640594],[100.34066664987617,13.773949905710856],[100.33694718555984,13.773799502933144],[100.33446500052501,13.773285261177875],[100.32962683489299,13.773103517337233],[100.32909427071239,13.768467740419382],[100.32919669133642,13.766030905695365],[100.33053661851487,13.76143699954848],[100.33145424671983,13.754641867831744],[100.33183083823432,13.753571982625282],[100.33128204654864,13.748308009966047],[100.33183089532884,13.746321893878756],[100.33181844463256,13.744118457506268],[100.33318822764089,13.739411382114227],[100.33275790480593,13.737003412786585],[100.33349097807265,13.735201619806833],[100.33540798552167,13.736106557099228],[100.33607474254478,13.735865648330638],[100.33993393549281,13.736606347322423],[100.35936258159728,13.738010899771496],[100.35270247615145,13.752164500578063],[100.36262423683807,13.753846656152191],[100.3685430381028,13.75396528771408],[100.3779536979493,13.753425842213883],[100.38993525622247,13.752115605333586],[100.40156839479866,13.750368349703026],[100.4058796020527,13.749505368339978],[100.40592560026475,13.755275862307412],[100.40648724314319,13.760183503982214],[100.39579611193773,13.762756227684752],[100.36698172979851,13.768574496369506],[100.35929395270428,13.768887114800295],[100.3573491048434,13.774338738828412],[100.35662002714474,13.775613995074766],[100.3560274898464,13.780319143332916],[100.35574808744805,13.780385092277328],[100.35562083273399,13.7803711035772]]]}},{"type":"Feature","properties":{"code":"102202","name":"บางด้วน","parentCode":"1022"},"geometry":{"type":"Polygon","coordinates":[[[100.44596862243223,13.730787510453654],[100.44370183429248,13.731231288901421],[100.44358497178901,13.730928014699483],[100.44272863948028,13.731047145290873],[100.44254821149192,13.730839158124212],[100.43883021715277,13.731089104576881],[100.4250239758909,13.729149934082947],[100.42576715129529,13.71526742828723],[100.42822461665574,13.715027246352586],[100.43116301726363,13.715954897861648],[100.43441084307692,13.715779004035237],[100.43857414019459,13.71647458910608],[100.44091756383649,13.717814625586815],[100.44112971668733,13.718204354016132],[100.44161354949887,13.718321306783064],[100.44385469723045,13.720508246643838],[100.44735906116412,13.72154424959665],[100.4476941459252,13.721811214806246],[100.44623019841117,13.724620947740783],[100.44463201065987,13.728730907799026],[100.44548154049895,13.729106730832111],[100.44526948245795,13.729962217926339],[100.44613855090766,13.730036225434029],[100.44597086098752,13.730681281763859],[100.44596862243223,13.730787510453654]]]}},{"type":"Feature","properties":{"code":"102206","name":"บางจาก","parentCode":"1022"},"geometry":{"type":"Polygon","coordinates":[[[100.45695540725978,13.734237062605999],[100.45605928256403,13.733714664291],[100.45542269646619,13.734042714139933],[100.45403754194784,13.734065566836302],[100.45000253162645,13.733516416660088],[100.44596862243223,13.730787510453654],[100.44613855090766,13.730036225434029],[100.44526948245795,13.729962217926339],[100.44548154049895,13.729106730832111],[100.44463201065987,13.728730907799026],[100.44623019841117,13.724620947740783],[100.4476941459252,13.721811214806246],[100.44890433358752,13.722480962483484],[100.4495031938588,13.72241191255808],[100.44979145167693,13.7221107826153],[100.45033167832231,13.722469196681255],[100.45080184424575,13.722429148053937],[100.45212090861688,13.723510671316301],[100.45306221788813,13.722368404139237],[100.45400768809968,13.723498441969188],[100.45490936477889,13.723428725913399],[100.45505420624788,13.724800763074992],[100.45838232258804,13.72909640978782],[100.45864708354999,13.73499769612186],[100.45695540725978,13.734237062605999]]]}},{"type":"Feature","properties":{"code":"103302","name":"คลองตัน","parentCode":"1033"},"geometry":{"type":"Polygon","coordinates":[[[100.56615302831678,13.733169517694739],[100.56529786630783,13.733711643872816],[100.56517860333979,13.726535281179189],[100.56469846043696,13.721752067578606],[100.56569244367374,13.720887046314845],[100.56544532744437,13.71978583064052],[100.56732691449157,13.719010089305167],[100.56653846402217,13.71714397599457],[100.57655396649328,13.712907578892736],[100.57659735664868,13.71438746464728],[100.57631871141258,13.714455905895427],[100.57628753755726,13.71489337452499],[100.57622228608082,13.719576074197242],[100.5766836083272,13.722027261648178],[100.57765878080784,13.725012993413559],[100.56628782363302,13.733017256123757],[100.56615302831678,13.733169517694739]]]}},{"type":"Feature","properties":{"code":"103202","name":"หนองบอน","parentCode":"1032"},"geometry":{"type":"Polygon","coordinates":[[[100.64977792747352,13.703341116359645],[100.6460534590792,13.702604404108895],[100.64179436849493,13.702592036637787],[100.63405976769772,13.700741687934604],[100.63711328209705,13.69520662068463],[100.63955729574047,13.68068748090857],[100.64070908331799,13.676146832248223],[100.6437140742325,13.67142215797861],[100.64463182607501,13.670635333834506],[100.64501395074187,13.66983850303664],[100.64576899350425,13.66933296149854],[100.64771118465907,13.669066971237044],[100.65311621279848,13.66921289532714],[100.6538095634905,13.668976649166641],[100.65551886220113,13.672259910527087],[100.65759130582508,13.671535378323918],[100.65987973827099,13.670141637954849],[100.66104925934562,13.671655720686154],[100.6622924470219,13.671315209008354],[100.66328832122157,13.670392214953747],[100.66688300557696,13.668188581468295],[100.66746727781855,13.669531437450718],[100.66895945196612,13.671818385746315],[100.67055827763525,13.677346146501565],[100.67216459285788,13.680076326360316],[100.67342916291598,13.681205545674237],[100.67472689801806,13.687103621676696],[100.67702954830851,13.693176780356332],[100.67662637744435,13.695231312973927],[100.67564049860502,13.695367923539845],[100.67464325705546,13.700428480441895],[100.66846214271388,13.70036291021133],[100.66264301852884,13.699929810742834],[100.65916920140153,13.700489813563653],[100.65324293947266,13.700188273172415],[100.6518974524687,13.70228523951491],[100.65125385383143,13.70246127570948],[100.6509996522549,13.702962369872619],[100.64984790172602,13.703349688414772],[100.64977792747352,13.703341116359645]]]}},{"type":"Feature","properties":{"code":"102207","name":"บางแวก","parentCode":"1022"},"geometry":{"type":"Polygon","coordinates":[[[100.4573362978598,13.744061975158237],[100.45670511194602,13.743584345460562],[100.45690458427032,13.742942487364932],[100.45625046098039,13.742119226771102],[100.45544989113303,13.742007566092944],[100.45500457169953,13.742520930530544],[100.45451735746552,13.742614198868527],[100.45389530856718,13.74202351230453],[100.4535671641939,13.74195086952349],[100.45347246057044,13.742151428458806],[100.45314478237563,13.741966917443188],[100.45317250853238,13.741776921810638],[100.45227037343352,13.741126863051107],[100.45061786687202,13.741195342221616],[100.44984154613583,13.740515154243052],[100.44919010628394,13.740969832113496],[100.44790118330694,13.740388694876886],[100.44605629676708,13.7407520596369],[100.44408902356757,13.740667535342057],[100.44317360776583,13.740203960554053],[100.44042241937852,13.740650549700984],[100.44000439153753,13.740243945557488],[100.4391546707698,13.740031951491755],[100.43501293677157,13.740100142418946],[100.43232472122581,13.740451360605416],[100.43125011184179,13.737847388901297],[100.43163421495227,13.737619168902661],[100.431646913745,13.733426943247164],[100.43215707841686,13.733497430931338],[100.43270332151316,13.7301823481382],[100.43946496924762,13.731120433635708],[100.44254821149192,13.730839158124212],[100.44272863948028,13.731047145290873],[100.44358497178901,13.730928014699483],[100.44370183429248,13.731231288901421],[100.44590265165903,13.730773207468086],[100.45000253162645,13.733516416660088],[100.45403754194784,13.734065566836302],[100.45542269646619,13.734042714139933],[100.45605928256403,13.733714664291],[100.45864708354999,13.73499769612186],[100.45986803366087,13.743831185225527],[100.45871361060652,13.74369677118025],[100.45739647254294,13.744072919067033],[100.4573362978598,13.744061975158237]]]}},{"type":"Feature","properties":{"code":"103301","name":"คลองเตย","parentCode":"1033"},"geometry":{"type":"Polygon","coordinates":[[[100.56529786630783,13.733711643872816],[100.55372231927068,13.741846642118908],[100.55070012607969,13.74286675325487],[100.55489576698209,13.705650665902247],[100.55721620211506,13.706504962412351],[100.559438216258,13.706627678429413],[100.56430533366236,13.705755160931167],[100.57065019730165,13.70362011332922],[100.58116401668192,13.698910390712511],[100.58181842679626,13.700686920168412],[100.58131760838089,13.703301305459505],[100.58865805796609,13.705076779853407],[100.58841823269701,13.705846645663993],[100.5871928182828,13.707505283438001],[100.58127236422334,13.710876399555989],[100.5665728043994,13.717094042746352],[100.56732691449157,13.719010089305167],[100.56544532744437,13.71978583064052],[100.56569244367374,13.720887046314845],[100.56469846043696,13.721752067578606],[100.56517860333979,13.726535281179189],[100.56520761427355,13.733435390457343],[100.56529786630783,13.733711643872816]]]}},{"type":"Feature","properties":{"code":"101501","name":"วัดกัลยาณ์","parentCode":"1015"},"geometry":{"type":"Polygon","coordinates":[[[100.4938060435899,13.740785093527679],[100.49204845694348,13.742324527733071],[100.48973726470386,13.739853771035312],[100.48871285526673,13.738248667560102],[100.48786855675398,13.736059426663116],[100.49439863386654,13.731148836095599],[100.49492547580181,13.731115138039673],[100.49658652228274,13.735872253627731],[100.49873061775335,13.7389642903301],[100.49396481016844,13.740667749273372],[100.4938060435899,13.740785093527679]]]}},{"type":"Feature","properties":{"code":"101303","name":"ตลาดน้อย","parentCode":"1013"},"geometry":{"type":"Polygon","coordinates":[[[100.51228534024197,13.740402466088405],[100.51357627546632,13.736235304406405],[100.51276407163972,13.736019949050858],[100.51165853693102,13.736294515355079],[100.51136337403747,13.735236453901356],[100.51021664179352,13.734492073153431],[100.51187158575166,13.731213072162367],[100.5123386982877,13.72943510032364],[100.513516492596,13.72979962799681],[100.51524685818696,13.73179801752233],[100.51574320466476,13.733405110370335],[100.51594690531542,13.735606076706446],[100.51574056150277,13.738029896790126],[100.51485214217016,13.738366419653566],[100.51256830880196,13.740188306012108],[100.51228534024197,13.740402466088405]]]}},{"type":"Feature","properties":{"code":"101801","name":"สมเด็จเจ้าพระยา","parentCode":"1018"},"geometry":{"type":"Polygon","coordinates":[[[100.49992006238304,13.738701698518584],[100.49873061775335,13.7389642903301],[100.49658652228274,13.735872253627731],[100.49353111663157,13.72702870060067],[100.49394432841946,13.726482703819926],[100.50082909379786,13.728156192646106],[100.50421188600052,13.737724175470337],[100.50006203332542,13.738670327358856],[100.49992006238304,13.738701698518584]]]}},{"type":"Feature","properties":{"code":"102201","name":"บางหว้า","parentCode":"1022"},"geometry":{"type":"Polygon","coordinates":[[[100.45490936477889,13.723428725913399],[100.45400768809968,13.723498441969188],[100.45306221788813,13.722368404139237],[100.45212090861688,13.723510671316301],[100.45080184424575,13.722429148053937],[100.45033167832231,13.722469196681255],[100.44979145167693,13.7221107826153],[100.4495031938588,13.72241191255808],[100.44890433358752,13.722480962483484],[100.44669933073219,13.721204607539462],[100.44396596050771,13.720558444278518],[100.44259964310629,13.71949070756585],[100.44161354949887,13.718321306783064],[100.44112971668733,13.718204354016132],[100.44091756383649,13.717814625586815],[100.43857414019459,13.71647458910608],[100.43441084307692,13.715779004035237],[100.43116301726363,13.715954897861648],[100.42822461665574,13.715027246352586],[100.42581194539616,13.715220841355821],[100.4266952285161,13.699563472441445],[100.42669947989081,13.694711375607747],[100.42784894688174,13.687648110499232],[100.42892194667147,13.68812441653849],[100.43772933394304,13.693680300914066],[100.43473633301642,13.698759898798478],[100.43550936644363,13.701500091495587],[100.43726458391431,13.704778084581914],[100.43918521641723,13.709399748714592],[100.44527329150613,13.707542747242996],[100.45005026007085,13.70533622906498],[100.45077161357538,13.706967041800354],[100.45276335442225,13.710044641180968],[100.45592840277068,13.708364993980911],[100.45530995707885,13.71181611786573],[100.46019880682499,13.713038142723079],[100.45773668256442,13.720749895579722],[100.45544111257195,13.719503534595178],[100.45500388614825,13.722543417671863],[100.45490936477889,13.723428725913399]]]}},{"type":"Feature","properties":{"code":"101505","name":"ตลาดพลู","parentCode":"1015"},"geometry":{"type":"Polygon","coordinates":[[[100.4786351037227,13.722607619682451],[100.47585788494224,13.722168861033422],[100.47171178110789,13.722494161072461],[100.47149378747518,13.72108303020968],[100.46922062655364,13.717689775622144],[100.4691783911305,13.714987198527508],[100.46867964894577,13.712657954593448],[100.46815106528703,13.711941319328368],[100.46676004291642,13.711089687493342],[100.4661568481077,13.70952263967469],[100.47173381250128,13.707200237473112],[100.47193779976813,13.707571905387574],[100.47701269639363,13.708795880021324],[100.47578783606413,13.714380589815013],[100.48012364196138,13.716872170308537],[100.47933783614704,13.719196642779687],[100.47864743476153,13.72254652915975],[100.4786351037227,13.722607619682451]]]}},{"type":"Feature","properties":{"code":"101503","name":"บางยี่เรือ","parentCode":"1015"},"geometry":{"type":"Polygon","coordinates":[[[100.4857575867707,13.727647338670584],[100.48468911669544,13.724903498099497],[100.48419305206235,13.724499701921754],[100.4803969627421,13.723045653425677],[100.4786351037227,13.722607619682451],[100.47933783614704,13.719196642779687],[100.48012364196138,13.716872170308537],[100.48444291239541,13.719109528184376],[100.49052630934416,13.720941817779224],[100.4928919888631,13.721276683135693],[100.49222833909799,13.723342822215079],[100.49294457173843,13.725388193711943],[100.4938614844383,13.725993943686383],[100.49394432841946,13.726482703819926],[100.49353111663157,13.72702870060067],[100.4928260808586,13.727029573337013],[100.49218733369536,13.726546432406153],[100.48679543371126,13.72745239324029],[100.4857575867707,13.727647338670584]]]}},{"type":"Feature","properties":{"code":"103201","name":"ประเวศ","parentCode":"1032"},"geometry":{"type":"Polygon","coordinates":[[[100.6582811718406,13.736704195734966],[100.65669596346363,13.73669450576791],[100.65601594370285,13.734658554445673],[100.65537299218582,13.734197367800233],[100.65392312543004,13.733790170837663],[100.65203209237475,13.731201906424909],[100.6518566030418,13.729494738407713],[100.64976039041454,13.728793554057308],[100.64932793101072,13.723801341434296],[100.64793734492447,13.717470984585116],[100.64812378372768,13.717359014909048],[100.651112387666,13.718187586718487],[100.65154962111055,13.717994848431974],[100.65119833441297,13.715851596484022],[100.65073770708482,13.714680751178363],[100.6511044933673,13.713834297854229],[100.65030034584619,13.71278664048754],[100.6498103863734,13.711054447817133],[100.64969307465928,13.708900589410781],[100.64920068349423,13.707231682892902],[100.6500519227852,13.706006885790174],[100.65022123327834,13.704932390021304],[100.65079839096025,13.703846133149066],[100.65108423666898,13.702663522778309],[100.6519570990029,13.702221569116219],[100.6530766751696,13.700208591932354],[100.65916920140153,13.700489813563653],[100.66264301852884,13.699929810742834],[100.66846214271388,13.70036291021133],[100.68326690003438,13.700768786616237],[100.6846173014625,13.700459056282599],[100.68580487325227,13.70486525572104],[100.68619152817726,13.705042263867549],[100.68639372587313,13.705847591111915],[100.6876862087015,13.705029808140198],[100.68973780149769,13.704439581769478],[100.69138535272768,13.703666808214486],[100.6924590430995,13.704494413133462],[100.69294318313901,13.704648147183038],[100.69354883240666,13.704422552214545],[100.69403374100499,13.704683613161555],[100.70049173920674,13.702349120052887],[100.7003787496152,13.695553946159494],[100.70160686613964,13.695361341557671],[100.703582920308,13.695451690540697],[100.70379330870726,13.696184632962453],[100.70523270753932,13.696207482678961],[100.7098682916799,13.695183504271519],[100.71101071604078,13.70119759314314],[100.71234204683182,13.701293454429164],[100.70886228085263,13.72417281262403],[100.70846496518045,13.728117529146646],[100.70837305181797,13.73210306417066],[100.67641372793203,13.73569249812671],[100.66720408257598,13.737084716466127],[100.65897024412882,13.737723210440022],[100.6583214015441,13.73675476866804],[100.6582811718406,13.736704195734966]]]}},{"type":"Feature","properties":{"code":"100401","name":"มหาพฤฒาราม","parentCode":"1004"},"geometry":{"type":"Polygon","coordinates":[[[100.51574056150277,13.738029896790126],[100.5158825789088,13.73431949120268],[100.51524685818696,13.73179801752233],[100.51547756240595,13.731726546121262],[100.51567341933232,13.730188649869248],[100.52820535569033,13.732434508807621],[100.52873751619511,13.7328662307265],[100.51585359034989,13.737991915043416],[100.51574056150277,13.738029896790126]]]}},{"type":"Feature","properties":{"code":"101802","name":"คลองสาน","parentCode":"1018"},"geometry":{"type":"Polygon","coordinates":[[[100.50646281596283,13.737076556110859],[100.50421188600052,13.737724175470337],[100.50082909379786,13.728156192646106],[100.49394432841946,13.726482703819926],[100.49378732884676,13.725873489579756],[100.49298657190582,13.725450086968952],[100.49271611843689,13.72471952395416],[100.5123386982877,13.72943510032364],[100.51187158575166,13.731213072162367],[100.51021664179352,13.734492073153431],[100.50852125360316,13.735972474012806],[100.50653025712587,13.737049026171176],[100.50646281596283,13.737076556110859]]]}},{"type":"Feature","properties":{"code":"102303","name":"หนองค้างพลู","parentCode":"1023"},"geometry":{"type":"Polygon","coordinates":[[[100.35936258159728,13.738010899771496],[100.33993393549281,13.736606347322423],[100.33607474254478,13.735865648330638],[100.33540798552167,13.736106557099228],[100.33349097807265,13.735201619806833],[100.334875327353,13.732979334877477],[100.33515419034767,13.732315645639364],[100.33506412171457,13.731821191766638],[100.33655363202497,13.729396060254183],[100.33610855837038,13.729079809203771],[100.33717473377955,13.726098745132186],[100.33644455093649,13.725952406873597],[100.33644887112293,13.723040368969691],[100.33612439817364,13.721258981486255],[100.3379838415124,13.718245375100647],[100.33816956303168,13.717568628286301],[100.33849810806423,13.717721658789593],[100.33891330029468,13.716848178446595],[100.33800574391817,13.714051819465228],[100.33845768937931,13.71262783082261],[100.33723069147825,13.711893189499646],[100.33523148237762,13.71164409449492],[100.33484193200565,13.713170572974931],[100.3326360272928,13.71234288145966],[100.33362886291846,13.710089949623576],[100.33333997242896,13.709997717657902],[100.33346854327648,13.708100877503558],[100.33331073962248,13.707479095918222],[100.33166817292879,13.7042629120333],[100.33030044935687,13.703463447671789],[100.3303521060095,13.699805339677436],[100.33129212893445,13.697515411520792],[100.33181941908278,13.6935609427039],[100.33213637736914,13.6926891322413],[100.33216451879416,13.690502419390974],[100.34726359305742,13.69119928158858],[100.34744473971006,13.693684295151757],[100.34689341878563,13.695401505908372],[100.34618670383766,13.699464311191862],[100.34776190241274,13.700161985170842],[100.35185578190517,13.700105750152844],[100.3524815229148,13.700292169195638],[100.35657228607378,13.698988358537626],[100.36168073660002,13.698509430385078],[100.36551338114975,13.697654375369861],[100.36760509231154,13.69852986611244],[100.37707738625032,13.700516957150489],[100.35937489893895,13.737941902543769],[100.35936258159728,13.738010899771496]]]}},{"type":"Feature","properties":{"code":"101502","name":"หิรัญรูจี","parentCode":"1015"},"geometry":{"type":"Polygon","coordinates":[[[100.48786855675398,13.736059426663116],[100.48648046346113,13.73240453921125],[100.48639954758539,13.730201651150933],[100.4860897718907,13.729648717137925],[100.48632486693741,13.729538828135095],[100.48605960366211,13.729446640370398],[100.48595019279983,13.728866511389574],[100.48621631035589,13.728635532796734],[100.48596806145572,13.72867544481462],[100.4857575867707,13.727647338670584],[100.49218733369536,13.726546432406153],[100.4928260808586,13.727029573337013],[100.49353111663157,13.72702870060067],[100.49492547580181,13.731115138039673],[100.49439863386654,13.731148836095599],[100.48819072095911,13.735825847681541],[100.48786855675398,13.736059426663116]]]}},{"type":"Feature","properties":{"code":"101101","name":"ลาดกระบัง","parentCode":"1011"},"geometry":{"type":"Polygon","coordinates":[[[100.76925942917346,13.728144705635481],[100.73904994599162,13.72742836174565],[100.70833047326242,13.730851511150377],[100.70886228085263,13.72417281262403],[100.7096907100196,13.718400442481872],[100.73033934469089,13.718491700750919],[100.7307216818213,13.716811245502765],[100.74723881886308,13.71685092073993],[100.74724462486685,13.716620398313552],[100.75128285618159,13.716451716066734],[100.75209947441049,13.716007562741254],[100.75338412838403,13.716732823534677],[100.76085263574814,13.716465054063988],[100.76670808426131,13.716689891648107],[100.7665770932189,13.715399469861074],[100.77088405552391,13.715709841344081],[100.77116660642238,13.715941684261924],[100.77117395263036,13.716459077833052],[100.77854418478582,13.716197128560138],[100.77864918062235,13.71648221032144],[100.7794939648625,13.716256948411596],[100.77978990114109,13.716730458749396],[100.78797012622498,13.716690610155984],[100.7879452477614,13.719738950888965],[100.78827597947229,13.719845016041964],[100.78826097364512,13.720152425821036],[100.78955405443496,13.722126963378136],[100.79022969899808,13.725045946978534],[100.7915598990295,13.728706964265706],[100.77227389365251,13.728208951243623],[100.76925942917346,13.728144705635481]]]}},{"type":"Feature","properties":{"code":"100404","name":"บางรัก","parentCode":"1004"},"geometry":{"type":"Polygon","coordinates":[[[100.51524685818696,13.73179801752233],[100.513516492596,13.72979962799681],[100.5123386982877,13.72943510032364],[100.51285302088496,13.724294184529638],[100.51246572519766,13.72030792248141],[100.51215147487473,13.719333590325576],[100.51513245970851,13.718567319378568],[100.51669257911124,13.72223338733039],[100.51547756240595,13.731726546121262],[100.51524685818696,13.73179801752233]]]}},{"type":"Feature","properties":{"code":"104002","name":"บางแคเหนือ","parentCode":"1040"},"geometry":{"type":"Polygon","coordinates":[[[100.41778576790445,13.731218760783598],[100.36616717064982,13.726481339949586],[100.36498070771023,13.726186193218293],[100.37353113230789,13.708094029991921],[100.42594304102032,13.712334155189343],[100.42587264946953,13.713405767439074],[100.42603697614635,13.713535895999778],[100.42582613253911,13.713645588926425],[100.42488552009367,13.732157566402229],[100.42211744269875,13.731617584675588],[100.41786788538155,13.73122732886887],[100.41778576790445,13.731218760783598]]]}},{"type":"Feature","properties":{"code":"102209","name":"ปากคลองภาษีเจริญ","parentCode":"1022"},"geometry":{"type":"Polygon","coordinates":[[[100.46380514987808,13.730813478180302],[100.46348537785447,13.731343059359823],[100.4617617480332,13.729433490192651],[100.46059676501939,13.729075410517503],[100.46014833114141,13.72786562917543],[100.46004511480386,13.726595047391799],[100.45951217094917,13.725642260731613],[100.45883607568874,13.725838346739462],[100.45834769892261,13.725457048167241],[100.4583112211913,13.724042566930246],[100.4554397137737,13.72330808651373],[100.45490936477889,13.723428725913399],[100.45537155135678,13.719562701772851],[100.45773668256442,13.720749895579722],[100.46019880682499,13.713038142723079],[100.46355380184721,13.713853332963518],[100.46288246275262,13.716491216135301],[100.4628293227819,13.717894925273365],[100.46833845976077,13.716058857903596],[100.46924224832917,13.715963091253338],[100.46926936949563,13.717814909517973],[100.47162242588084,13.72141672770444],[100.47181618433048,13.722833652442237],[100.47129675280173,13.722663865058275],[100.46735379584943,13.725087321640919],[100.46703618977591,13.725870000747133],[100.46519482676483,13.728172461627139],[100.46388686067958,13.730756496406373],[100.46380514987808,13.730813478180302]]]}},{"type":"Feature","properties":{"code":"103903","name":"พระโขนงเหนือ","parentCode":"1039"},"geometry":{"type":"Polygon","coordinates":[[[100.6056071263886,13.723152752936716],[100.60510445973887,13.723163928499144],[100.60504443366526,13.723514581977275],[100.60374100272462,13.723464294707625],[100.6034054026478,13.725952210745698],[100.6001228816748,13.726093268853324],[100.59885506577922,13.725757995228115],[100.59598014107641,13.725843254239242],[100.59599630542223,13.726780953689577],[100.595028128679,13.72700301657776],[100.5912252475439,13.72710890215935],[100.59106899755372,13.728875921785399],[100.58732093712676,13.728975747668821],[100.58603039922605,13.729215668696773],[100.58470561408652,13.724355478570457],[100.58456167623008,13.72012948254146],[100.59866460666932,13.710085480404489],[100.59944247740401,13.709161852881039],[100.60164311352284,13.704678918178185],[100.6056956505378,13.706591516916866],[100.6037100466973,13.709543225681205],[100.60262398510415,13.712052957634357],[100.60188338840919,13.712081486106435],[100.60234775016622,13.713326996617436],[100.60367619906363,13.713751125175033],[100.6055151786894,13.713962903043715],[100.60720285650001,13.715716807115125],[100.60669380608134,13.716486175343217],[100.60620579740365,13.718225973771725],[100.6067633261324,13.718635884948757],[100.60686590117645,13.719188859143436],[100.60528923666195,13.720168545586192],[100.60595270415452,13.721030851119218],[100.60600286786772,13.721439541954563],[100.60561239757705,13.723078146675181],[100.6056071263886,13.723152752936716]]]}},{"type":"Feature","properties":{"code":"101804","name":"คลองต้นไทร","parentCode":"1018"},"geometry":{"type":"Polygon","coordinates":[[[100.49271611843689,13.72471952395416],[100.49220911896813,13.723136160653153],[100.4930124886544,13.720958443813878],[100.50180318560687,13.720940190710861],[100.50609950598833,13.719088073097849],[100.50823037255172,13.718580167131003],[100.51138946429577,13.71738009183414],[100.51246572519766,13.72030792248141],[100.51285302088496,13.724294184529638],[100.5123386982877,13.72943510032364],[100.49305463945028,13.724790924092652],[100.49271611843689,13.72471952395416]]]}},{"type":"Feature","properties":{"code":"102803","name":"ทุ่งมหาเมฆ","parentCode":"1028"},"geometry":{"type":"Polygon","coordinates":[[[100.54470067875133,13.726191916639635],[100.53029420753526,13.721873802994262],[100.53914109009207,13.704417052487857],[100.54196392127419,13.706293201855742],[100.54358421759301,13.707006237419636],[100.54173413304841,13.710574742455282],[100.54432316090588,13.712294125644304],[100.54897878569435,13.719234268629885],[100.55177609300183,13.718066471279084],[100.5524899961985,13.718102663870884],[100.55295884529444,13.716287348278867],[100.55365221862056,13.716541738626418],[100.5529182535627,13.72276874333945],[100.54491217882128,13.726102460693234],[100.54470067875133,13.726191916639635]]]}},{"type":"Feature","properties":{"code":"100102","name":"วังบูรพาภิรมย์","parentCode":"1001"},"geometry":{"type":"Polygon","coordinates":[[[100.49635807172699,13.748501741994543],[100.49642006161916,13.744247178433453],[100.4950276929061,13.742773151907192],[100.4938060435899,13.740785093527679],[100.49814542344896,13.739094395488845],[100.49992006238304,13.738701698518584],[100.50099920397497,13.741539167185596],[100.50342252013675,13.745078032230536],[100.50415042615,13.747747000551556],[100.4969690862905,13.748429107520797],[100.49635807172699,13.748501741994543]]]}},{"type":"Feature","properties":{"code":"101601","name":"วัดอรุณ","parentCode":"1016"},"geometry":{"type":"Polygon","coordinates":[[[100.48837776789019,13.74824382524459],[100.48251301597328,13.746186510504224],[100.48016928739128,13.745981379548162],[100.48080871969186,13.744452125357766],[100.48317901798417,13.74153394841645],[100.48576474260061,13.737501469279515],[100.48650969619378,13.73676817413884],[100.48786855675398,13.736059426663116],[100.48871285526673,13.738248667560102],[100.48973726470386,13.739853771035312],[100.49204845694348,13.742324527733071],[100.48977805949929,13.745303192985963],[100.48841862247835,13.748123805807108],[100.48837776789019,13.74824382524459]]]}},{"type":"Feature","properties":{"code":"100801","name":"ป้อมปราบ","parentCode":"1008"},"geometry":{"type":"Polygon","coordinates":[[[100.5070138570877,13.748059457323487],[100.5056741792005,13.745619090630065],[100.51464734540072,13.73851343675358],[100.51574056150277,13.738029896790126],[100.51581089407618,13.741778545032185],[100.51633018852573,13.745600136540807],[100.51195198762555,13.746367113366187],[100.50714705482855,13.748011186415033],[100.5070138570877,13.748059457323487]]]}},{"type":"Feature","properties":{"code":"102208","name":"คลองขวาง","parentCode":"1022"},"geometry":{"type":"Polygon","coordinates":[[[100.4134017485906,13.747926742408161],[100.41392317697996,13.741487460354673],[100.41441509907887,13.738803228283322],[100.416755208817,13.738128773720874],[100.41638101138302,13.73577494132332],[100.41670099148386,13.735645418550293],[100.41778576790445,13.731218760783598],[100.42211744269875,13.731617584675588],[100.42488552009367,13.732157566402229],[100.4250239758909,13.729149934082947],[100.43270332151316,13.7301823481382],[100.43215707841686,13.733497430931338],[100.431646913745,13.733426943247164],[100.43163421495227,13.737619168902661],[100.43125011184179,13.737847388901297],[100.43232472122581,13.740451360605416],[100.43120164888285,13.742146037402627],[100.43047494714162,13.74239658360371],[100.42708385830883,13.742454641319028],[100.4255379428774,13.742951723216281],[100.42492285511916,13.743502178398053],[100.42155310702381,13.744227847089386],[100.41971332407252,13.745645249169236],[100.41714426799267,13.747087168973106],[100.41369386758791,13.747870829477431],[100.4134017485906,13.747926742408161]]]}},{"type":"Feature","properties":{"code":"103902","name":"คลองตันเหนือ","parentCode":"1039"},"geometry":{"type":"Polygon","coordinates":[[[100.59817840223228,13.741201093255386],[100.5892522107702,13.742610099340055],[100.58021723002318,13.744708723184207],[100.57079344387505,13.74651121578791],[100.56980434711048,13.741439762452066],[100.5677263269484,13.741553536595141],[100.56615302831678,13.733169517694739],[100.58456167623008,13.72012948254146],[100.58470561408652,13.724355478570457],[100.58603039922605,13.729215668696773],[100.58732093712676,13.728975747668821],[100.59106899755372,13.728875921785399],[100.5912252475439,13.72710890215935],[100.595028128679,13.72700301657776],[100.59599630542223,13.726780953689577],[100.59598014107641,13.725843254239242],[100.59885506577922,13.725757995228115],[100.6001228816748,13.726093268853324],[100.6034054026478,13.725952210745698],[100.60374100272462,13.723464294707625],[100.60504443366526,13.723514581977275],[100.60510445973887,13.723163928499144],[100.6056071263886,13.723152752936716],[100.60541158673428,13.72515956056295],[100.60553322209347,13.72681517344562],[100.60493043691189,13.728675484596563],[100.60504970058872,13.729387663495679],[100.60488011864167,13.729433961105448],[100.60460415385757,13.732106790526467],[100.60475506944054,13.733393872478562],[100.60456588817712,13.734976932951657],[100.60503003242704,13.737708222736556],[100.60080412066584,13.738261067476282],[100.59849864431125,13.738314429003465],[100.5984098559283,13.73894208904877],[100.59894590955133,13.74044022864356],[100.59883404024096,13.740817204829085],[100.59826369186096,13.741165514368026],[100.59817840223228,13.741201093255386]]]}},{"type":"Feature","properties":{"code":"101302","name":"สัมพันธวงศ์","parentCode":"1013"},"geometry":{"type":"Polygon","coordinates":[[[100.50390733162972,13.746785786085379],[100.50318062165613,13.744756347041053],[100.50570784037669,13.743560160566624],[100.5076100380934,13.741693204946387],[100.50945472451416,13.740597197767437],[100.50646281596283,13.737076556110859],[100.50852125360316,13.735972474012806],[100.51021664179352,13.734492073153431],[100.51136337403747,13.735236453901356],[100.51165853693102,13.736294515355079],[100.51276407163972,13.736019949050858],[100.51357627546632,13.736235304406405],[100.51228534024197,13.740402466088405],[100.50416362035449,13.746735636149351],[100.50390733162972,13.746785786085379]]]}},{"type":"Feature","properties":{"code":"101602","name":"วัดท่าพระ","parentCode":"1016"},"geometry":{"type":"Polygon","coordinates":[[[100.4620308464366,13.744409338186717],[100.46163373945316,13.74207044243197],[100.46164928973477,13.738891811071117],[100.46225596875883,13.734765042825513],[100.46274040418203,13.733761039804044],[100.46284394596893,13.733216921612192],[100.46266409543098,13.733104992934257],[100.46307435387685,13.732814425437393],[100.462760934852,13.732784644546387],[100.46281824827685,13.732521026741972],[100.46394369085907,13.730787797858696],[100.46519482676483,13.728172461627139],[100.46771575449584,13.724746187608392],[100.47034937678616,13.723188150186461],[100.47044573285933,13.723349158345698],[100.47057786551953,13.723037637447757],[100.47129675280173,13.722663865058275],[100.47181618433048,13.722833652442237],[100.471856644411,13.722463919393501],[100.47585788494224,13.722168861033422],[100.4803969627421,13.723045653425677],[100.4836689395539,13.724230536420485],[100.48468911669544,13.724903498099497],[100.48602879535309,13.728316889853295],[100.48596806145572,13.72867544481462],[100.48621631035589,13.728635532796734],[100.48595019279983,13.728866511389574],[100.48605960366211,13.729446640370398],[100.48632486693741,13.729538828135095],[100.4860897718907,13.729648717137925],[100.48639954758539,13.730201651150933],[100.48648046346113,13.73240453921125],[100.48786855675398,13.736059426663116],[100.48650969619378,13.73676817413884],[100.48576474260061,13.737501469279515],[100.48317901798417,13.74153394841645],[100.48080871969186,13.744452125357766],[100.48016928739128,13.745981379548162],[100.47818238854411,13.746366175341294],[100.47700686520054,13.744065882235763],[100.47542968648428,13.744626731144486],[100.47435175853151,13.743786851075123],[100.47023068753194,13.74309054461713],[100.46634254158458,13.74304363034856],[100.46423951842111,13.743436913507825],[100.46289563336614,13.74425053794806],[100.46231008108859,13.744329716604245],[100.4620308464366,13.744409338186717]]]}},{"type":"Feature","properties":{"code":"101301","name":"จักรวรรดิ","parentCode":"1013"},"geometry":{"type":"Polygon","coordinates":[[[100.50318062165613,13.744756347041053],[100.50078928017885,13.741155138341401],[100.49992006238304,13.738701698518584],[100.50646281596283,13.737076556110859],[100.50945472451416,13.740597197767437],[100.5076100380934,13.741693204946387],[100.50582178429602,13.743483759997277],[100.50384652137734,13.744411050952051],[100.50318062165613,13.744756347041053]]]}},{"type":"Feature","properties":{"code":"102210","name":"คูหาสวรรค์","parentCode":"1022"},"geometry":{"type":"Polygon","coordinates":[[[100.46180433175324,13.744416329642398],[100.45985645001458,13.743920519491502],[100.45864708354999,13.73499769612186],[100.45838232258804,13.72909640978782],[100.45505420624788,13.724800763074992],[100.45490936477889,13.723428725913399],[100.45516172441191,13.72330520467946],[100.4583112211913,13.724042566930246],[100.45834769892261,13.725457048167241],[100.45883607568874,13.725838346739462],[100.45951217094917,13.725642260731613],[100.46004511480386,13.726595047391799],[100.46014833114141,13.72786562917543],[100.46059676501939,13.729075410517503],[100.4617617480332,13.729433490192651],[100.46348537785447,13.731343059359823],[100.46281824827685,13.732521026741972],[100.462760934852,13.732784644546387],[100.46305275801714,13.732873310591838],[100.46266409543098,13.733104992934257],[100.46284394596893,13.733216921612192],[100.46225596875883,13.734765042825513],[100.46166590934614,13.738682672743094],[100.46163373945316,13.74207044243197],[100.4620308464366,13.744409338186717],[100.46180433175324,13.744416329642398]]]}},{"type":"Feature","properties":{"code":"103101","name":"บางคอแหลม","parentCode":"1031"},"geometry":{"type":"Polygon","coordinates":[[[100.50183870429215,13.701615902410165],[100.50037174744818,13.702463213788167],[100.49815335533509,13.704824659986587],[100.49495695094726,13.703036106434233],[100.49319686925618,13.701759741548747],[100.49203431034172,13.700578064036533],[100.49100645918983,13.6992226869674],[100.49029289265334,13.697764848048346],[100.48994501636315,13.69629350494548],[100.49004850829796,13.69483526242975],[100.49045722782597,13.693398911363655],[100.49271036660043,13.690410210637783],[100.49407900369282,13.689371452152024],[100.49692335081987,13.687784792148081],[100.50013788553116,13.686813933259103],[100.50128215010194,13.690583233987098],[100.50184577552768,13.690897326438964],[100.50402532712782,13.69635860945105],[100.50671400724573,13.697910595642506],[100.50603639557569,13.698937307528913],[100.50199708674317,13.701533585725489],[100.50183870429215,13.701615902410165]]]}},{"type":"Feature","properties":{"code":"100403","name":"สุริยวงศ์","parentCode":"1004"},"geometry":{"type":"Polygon","coordinates":[[[100.53360474385676,13.730834963365812],[100.53330274687536,13.730517073068839],[100.5277881270454,13.728778420548641],[100.5172922094099,13.725526817837867],[100.51626798070406,13.725405426762585],[100.51669257911124,13.72223338733039],[100.53637672009755,13.72929234628915],[100.53664665633985,13.729567495519618],[100.53360474385676,13.730834963365812]]]}},{"type":"Feature","properties":{"code":"101504","name":"บุคคโล","parentCode":"1015"},"geometry":{"type":"Polygon","coordinates":[[[100.49144389700378,13.721109160126886],[100.48422802724367,13.71903172366487],[100.47833990998807,13.715886239212052],[100.47922319415423,13.711593958584627],[100.48038494796867,13.709049158217818],[100.48219859966127,13.70707332724748],[100.48591351587226,13.704756127770633],[100.49081195536947,13.719229372753617],[100.49144389700378,13.721109160126886]]]}},{"type":"Feature","properties":{"code":"101203","name":"ช่องนนทรี","parentCode":"1012"},"geometry":{"type":"Polygon","coordinates":[[[100.55489576698209,13.705650665902247],[100.55365221862056,13.716541738626418],[100.55295884529444,13.716287348278867],[100.5524899961985,13.718102663870884],[100.55177609300183,13.718066471279084],[100.54906721183673,13.719235974001355],[100.54432316090588,13.712294125644304],[100.54173413304841,13.710574742455282],[100.54352554074966,13.706958016689983],[100.54196392127419,13.706293201855742],[100.53914109009207,13.704417052487857],[100.53767466487078,13.707189943999778],[100.53524492910732,13.705781347500158],[100.5334087731045,13.705370150783864],[100.53095024223023,13.705487074791384],[100.5286663663691,13.705895544382269],[100.5344379088102,13.69120817436213],[100.53328983841163,13.687823275295884],[100.53558436137891,13.685699500692163],[100.53600012223022,13.686373743096679],[100.53655843877921,13.685954469180727],[100.5434135821341,13.678809202039147],[100.54465520404914,13.678098657841153],[100.54777176927806,13.677402391410213],[100.54849940746325,13.676730067496724],[100.55009959164727,13.676077142496199],[100.55084618327145,13.677331191144026],[100.55183368162808,13.680255994911777],[100.5524702077486,13.686397582320378],[100.55239202833899,13.690863472176213],[100.55152234714714,13.69631282459472],[100.55164591700182,13.701144667178836],[100.55243458533093,13.703511395413598],[100.5529801125673,13.704399467021398],[100.55411723273595,13.705270261636242],[100.55489576698209,13.705650665902247]]]}},{"type":"Feature","properties":{"code":"103502","name":"บางค้อ","parentCode":"1035"},"geometry":{"type":"Polygon","coordinates":[[[100.46924224832917,13.715963091253338],[100.46833845976077,13.716058857903596],[100.4628293227819,13.717894925273365],[100.46288246275262,13.716491216135301],[100.46355380184721,13.713853332963518],[100.45530995707885,13.71181611786573],[100.45592840277068,13.708364993980911],[100.46003027042354,13.70633627681361],[100.46340822346205,13.704434945997283],[100.4637311443519,13.70404546298523],[100.46431429292437,13.703967434335025],[100.46563999906101,13.702866923043988],[100.46677542759655,13.70257996537201],[100.46840596835914,13.701625655944923],[100.46730621693028,13.699093190040237],[100.46919738915841,13.699077448018524],[100.47024168854091,13.698821526144194],[100.48048952186812,13.69409376106741],[100.48192732466862,13.693937133185235],[100.48245182115528,13.69538596693896],[100.4810000034429,13.695889573271868],[100.4803936760089,13.696414104070673],[100.47991212460286,13.697672350485707],[100.47954126147836,13.69805874836782],[100.47701269639363,13.708795880021324],[100.47193779976813,13.707571905387574],[100.47173381250128,13.707200237473112],[100.4661568481077,13.70952263967469],[100.46676004291642,13.711089687493342],[100.46815106528703,13.711941319328368],[100.46862806054452,13.712539616975924],[100.46907907238268,13.714070273548431],[100.46923335705361,13.715834330525698],[100.46924224832917,13.715963091253338]]]}},{"type":"Feature","properties":{"code":"102801","name":"ทุ่งวัดดอน","parentCode":"1028"},"geometry":{"type":"Polygon","coordinates":[[[100.51692333923779,13.709663834653535],[100.5160317828138,13.707423014286029],[100.51459352064744,13.704898535313358],[100.51858538815112,13.703839046986513],[100.52141690868413,13.702329019292412],[100.52218361804576,13.703035022764396],[100.52489323593377,13.70090651176077],[100.52572543611636,13.701104766353675],[100.5263069545135,13.701765571841339],[100.52694432643351,13.701053179032044],[100.52999886842366,13.702591333226644],[100.5286663663691,13.705895544382269],[100.53095024223023,13.705487074791384],[100.5334087731045,13.705370150783864],[100.53524492910732,13.705781347500158],[100.53767466487078,13.707189943999778],[100.5332213430263,13.716025290303728],[100.52962907136629,13.714379792912212],[100.52791076181948,13.713883088005193],[100.52367961514659,13.714504675808483],[100.52143725145257,13.71365861917939],[100.51887561099483,13.713842732029626],[100.5183408143387,13.711102565135175],[100.51730772257547,13.711300994592996],[100.51714619651803,13.710263586626402],[100.51692333923779,13.709663834653535]]]}},{"type":"Feature","properties":{"code":"101506","name":"ดาวคะนอง","parentCode":"1015"},"geometry":{"type":"Polygon","coordinates":[[[100.47833990998807,13.715886239212052],[100.47578783606413,13.714380589815013],[100.47954126147836,13.69805874836782],[100.47991212460286,13.697672350485707],[100.48030084886722,13.696538952884394],[100.4810000034429,13.695889573271868],[100.48263541255935,13.695268483228494],[100.48263198803242,13.694814267169825],[100.48327588819478,13.695030747517407],[100.48486646720596,13.694910475266168],[100.48531583977993,13.695158625608359],[100.48537821342877,13.694969550621353],[100.48658860140931,13.695128384875611],[100.48790047346526,13.69479394848012],[100.487707411886,13.694966859675743],[100.48866346267806,13.695294443210717],[100.49003948984864,13.694962999513557],[100.48994501636315,13.69629350494548],[100.49029289265334,13.697764848048346],[100.49100645918983,13.6992226869674],[100.49230939256243,13.700857758364776],[100.48261788433558,13.706758950431444],[100.48143384926418,13.707771692962536],[100.48038494796867,13.709049158217818],[100.47958697247242,13.710534157048093],[100.4785942299437,13.714602235250844],[100.47833990998807,13.715886239212052]]]}},{"type":"Feature","properties":{"code":"103102","name":"วัดพระยาไกร","parentCode":"1031"},"geometry":{"type":"Polygon","coordinates":[[[100.51692333923779,13.709663834653535],[100.5099649010664,13.711216011834866],[100.50819494402201,13.712307027076776],[100.50414190072871,13.7082357278738],[100.50122815204448,13.706383399014328],[100.49815335533509,13.704824659986587],[100.50055107379694,13.702311845111481],[100.50603639557569,13.698937307528913],[100.50671400724573,13.697910595642506],[100.51014088819689,13.700048997039193],[100.5134180616459,13.70343456840737],[100.51372338665736,13.703379593359745],[100.51537459698528,13.706134407968941],[100.51684344634641,13.709370545034567],[100.51692333923779,13.709663834653535]]]}},{"type":"Feature","properties":{"code":"104001","name":"บางแค","parentCode":"1040"},"geometry":{"type":"Polygon","coordinates":[[[100.42594304102032,13.712334155189343],[100.40648079796394,13.71073713408838],[100.40628443374932,13.709591328638416],[100.40792082028514,13.69403358107349],[100.40679551882724,13.676389765103316],[100.41895050303472,13.682540950016161],[100.42784894688174,13.687648110499232],[100.42669947989081,13.694711375607747],[100.4266952285161,13.699563472441445],[100.42596072104102,13.712199587550964],[100.42594304102032,13.712334155189343]]]}},{"type":"Feature","properties":{"code":"104004","name":"หลักสอง","parentCode":"1040"},"geometry":{"type":"Polygon","coordinates":[[[100.40648079796394,13.71073713408838],[100.37353113230789,13.708094029991921],[100.38148558441598,13.691357579622615],[100.38231473083295,13.688379959594783],[100.38290628836887,13.683804735286007],[100.3838250893198,13.679761034855828],[100.38526368394602,13.675880536649062],[100.384844099052,13.671413788060365],[100.38743848395906,13.670444442863813],[100.38841763278877,13.668042263861965],[100.39057722258615,13.66870476122411],[100.39204655588883,13.668808384845077],[100.39363083231729,13.669397245344587],[100.39476927383194,13.670316298337092],[100.40679551882724,13.676389765103316],[100.40792082028514,13.69403358107349],[100.40630381374727,13.709934729930717],[100.40648079796394,13.71073713408838]]]}},{"type":"Feature","properties":{"code":"103501","name":"บางขุนเทียน","parentCode":"1035"},"geometry":{"type":"Polygon","coordinates":[[[100.44857307779799,13.681710720316314],[100.44992917009277,13.682841782223518],[100.45148448073584,13.68479879628179],[100.45205897734978,13.68501238029353],[100.4534318463954,13.684917320568118],[100.45504499193507,13.686406167126409],[100.45559367002909,13.687588264058883],[100.45654844661311,13.688000731977029],[100.45811920381246,13.689355339553648],[100.45864061612093,13.690891262562461],[100.46162143262009,13.696009306089502],[100.46349456904291,13.698218585915894],[100.46485447892255,13.700965353484992],[100.46548551231835,13.703114166826545],[100.46003027042354,13.70633627681361],[100.4528242508501,13.710080441758986],[100.45077161357538,13.706967041800354],[100.45005026007085,13.70533622906498],[100.44527329150613,13.707542747242996],[100.43918521641723,13.709399748714592],[100.43726458391431,13.704778084581914],[100.43550936644363,13.701500091495587],[100.43473633301642,13.698759898798478],[100.43806356929939,13.69315066691207],[100.44254530484423,13.687853328524724],[100.44345228670196,13.686874017728845],[100.44403828487941,13.68660506160796],[100.44415838969194,13.686023562022461],[100.44537160192955,13.684287647817063],[100.44635142699606,13.683886442139926],[100.44638694384102,13.68307944464087],[100.4467635227315,13.682771026778228],[100.4472247756967,13.681663233470285],[100.44754073419303,13.681457994937233],[100.4485100374972,13.681700919397969],[100.44857307779799,13.681710720316314]]]}},{"type":"Feature","properties":{"code":"103203","name":"ดอกไม้","parentCode":"1032"},"geometry":{"type":"Polygon","coordinates":[[[100.68702045987907,13.705417366510042],[100.68633070018403,13.705841241924194],[100.68619152817726,13.705042263867549],[100.68580487325227,13.70486525572104],[100.6846173014625,13.700459056282599],[100.6836338513654,13.700776458585533],[100.67464325705546,13.700428480441895],[100.67564049860502,13.695367923539845],[100.67662637744435,13.695231312973927],[100.67702954830851,13.693176780356332],[100.67472689801806,13.687103621676696],[100.67342916291598,13.681205545674237],[100.67216459285788,13.680076326360316],[100.67055827763525,13.677346146501565],[100.66895945196612,13.671818385746315],[100.66746727781855,13.669531437450718],[100.66648896522531,13.667196958631516],[100.67202423712108,13.66509658310473],[100.67231157888433,13.664554576943415],[100.67324400833553,13.664147189802712],[100.67577562622436,13.66342845925152],[100.67676971337401,13.6624286020915],[100.67851751352812,13.661404436074871],[100.68820113403204,13.658281357615694],[100.69343526842765,13.657191543270997],[100.6936624565703,13.657456634408183],[100.69826934790586,13.656309991835485],[100.69878695489922,13.660506056533606],[100.699788079641,13.664051405801379],[100.70399015730001,13.67151449994005],[100.70519605331297,13.674353387282633],[100.70466843015303,13.674812340136834],[100.70548642317145,13.6788164891554],[100.70636789073694,13.67863529482495],[100.70729752239973,13.684814718454362],[100.7089111008039,13.688247311783952],[100.7097128727356,13.690705935021066],[100.71020406068465,13.695035435986071],[100.70523270753932,13.696207482678961],[100.70379330870726,13.696184632962453],[100.703582920308,13.695451690540697],[100.70160686613964,13.695361341557671],[100.7003787496152,13.695553946159494],[100.70049173920674,13.702349120052887],[100.69403374100499,13.704683613161555],[100.69354883240666,13.704422552214545],[100.69294318313901,13.704648147183038],[100.6924590430995,13.704494413133462],[100.6914534241192,13.703651654750885],[100.68709350634572,13.705370544732206],[100.68702045987907,13.705417366510042]]]}},{"type":"Feature","properties":{"code":"103103","name":"บางโคล่","parentCode":"1031"},"geometry":{"type":"Polygon","coordinates":[[[100.51459352064744,13.704898535313358],[100.51372338665736,13.703379593359745],[100.5134180616459,13.70343456840737],[100.51014088819689,13.700048997039193],[100.50402532712782,13.69635860945105],[100.50184577552768,13.690897326438964],[100.50128215010194,13.690583233987098],[100.50013788553116,13.686813933259103],[100.50400098161207,13.685981468618658],[100.51069980923646,13.68513957325427],[100.51317948163249,13.684471337029663],[100.51678566539347,13.68278489560205],[100.51888483515948,13.685407016824946],[100.52077363126463,13.687114039489863],[100.52174244760457,13.688348742910499],[100.52237775895142,13.69001373385731],[100.52415355306275,13.692467167518314],[100.53141395426957,13.699017686383852],[100.52999886842366,13.702591333226644],[100.52694432643351,13.701053179032044],[100.5263069545135,13.701765571841339],[100.52572543611636,13.701104766353675],[100.52489323593377,13.70090651176077],[100.52218361804576,13.703035022764396],[100.52141690868413,13.702329019292412],[100.51858538815112,13.703839046986513],[100.51467255890923,13.70487884250345],[100.51459352064744,13.704898535313358]]]}},{"type":"Feature","properties":{"code":"103504","name":"จอมทอง","parentCode":"1035"},"geometry":{"type":"Polygon","coordinates":[[[100.4654636073857,13.703029550626622],[100.46485447892255,13.700965353484992],[100.46349456904291,13.698218585915894],[100.46162143262009,13.696009306089502],[100.45864061612093,13.690891262562461],[100.45811920381246,13.689355339553648],[100.45654844661311,13.688000731977029],[100.45559367002909,13.687588264058883],[100.45504499193507,13.686406167126409],[100.4534318463954,13.684917320568118],[100.45205897734978,13.68501238029353],[100.45148448073584,13.68479879628179],[100.44992917009277,13.682841782223518],[100.44857307779799,13.681710720316314],[100.44848934973449,13.679073889664624],[100.44900490195809,13.677588370427715],[100.4490374898724,13.67658703775991],[100.449225496654,13.676529440343849],[100.44884799641159,13.675362141474103],[100.45146383809143,13.67539542233688],[100.4526656834263,13.675969177853348],[100.4534932257027,13.67674738394797],[100.45607862747119,13.677936736840701],[100.45845237103332,13.67787192809275],[100.45971502770752,13.67874585552468],[100.46370615736602,13.680668083511371],[100.46374603414357,13.68225881815198],[100.46255705643132,13.685461343110164],[100.46445069840846,13.68595523983859],[100.46453110187517,13.686249680836642],[100.46958721889789,13.686854757507843],[100.4698547631355,13.686578592482563],[100.4699295087502,13.685309217548019],[100.47072892560307,13.682661524704185],[100.4719858544044,13.682603210713017],[100.47393737117233,13.683485393028297],[100.47481981057201,13.683229291861512],[100.47656972394651,13.683190617879502],[100.47766150389035,13.682778456583868],[100.47824570630301,13.682878925887218],[100.4784040284227,13.682416963403313],[100.48536387417239,13.68421373844869],[100.4856564107051,13.682859444706326],[100.48701253469731,13.683233226906285],[100.48667543492242,13.68466688475595],[100.48712020013771,13.685196415985413],[100.48694134932967,13.68615906844412],[100.48250086686456,13.689287380908569],[100.48152451986404,13.690512432599414],[100.48143155605162,13.691907337198138],[100.48171539066686,13.692850269031332],[100.48242370093395,13.693018909120834],[100.48263541255935,13.695268483228494],[100.48245182115528,13.69538596693896],[100.48192732466862,13.693937133185235],[100.48080660608838,13.693978869884274],[100.47031490269282,13.698793972354002],[100.46919738915841,13.699077448018524],[100.46730621693028,13.699093190040237],[100.46840596835914,13.701625655944923],[100.46677542759655,13.70257996537201],[100.46559927445703,13.70291575207247],[100.4654636073857,13.703029550626622]]]}},{"type":"Feature","properties":{"code":"102302","name":"หนองแขม","parentCode":"1023"},"geometry":{"type":"Polygon","coordinates":[[[100.34655311981525,13.6977469776652],[100.34689341878563,13.695401505908372],[100.34744473971006,13.693684295151757],[100.34726359305742,13.69119928158858],[100.33216451879416,13.690502419390974],[100.33262171965521,13.687752912808401],[100.33387926220645,13.683678120286396],[100.3336136440484,13.681453437941546],[100.33624837992053,13.676919217195689],[100.33766488127964,13.677275436862947],[100.33838916019447,13.674664604112943],[100.3388229950348,13.670043929379661],[100.33943729308545,13.667709410904559],[100.34019273839613,13.666632953894007],[100.34021463336263,13.665190948824808],[100.34131138749783,13.66132944261936],[100.34090693497198,13.658772166688376],[100.33981831540358,13.657628832058517],[100.339480339376,13.654970621732666],[100.34533755168302,13.654745707562356],[100.34730573916359,13.655416422665356],[100.34799670642505,13.654800208087494],[100.34883354453106,13.654843121561207],[100.3496334221618,13.655193593457026],[100.35135327981045,13.656591085709822],[100.35117061516883,13.657488171509835],[100.35662185295463,13.659919564200361],[100.35666507325219,13.660708066979277],[100.35709807864079,13.661661677726144],[100.35929530599255,13.661250757711352],[100.36055974225818,13.661298065604923],[100.3608153069678,13.661733972799377],[100.37929223889485,13.66974975858103],[100.38324068930497,13.671704106973774],[100.384844099052,13.671413788060365],[100.38526368394602,13.675880536649062],[100.38346410554723,13.68127045223238],[100.38231473083295,13.688379959594783],[100.38134564348435,13.69173577632036],[100.37707738625032,13.700516957150489],[100.36760509231154,13.69852986611244],[100.36551338114975,13.697654375369861],[100.36168073660002,13.698509430385078],[100.35657228607378,13.698988358537626],[100.3524815229148,13.700292169195638],[100.35185578190517,13.700105750152844],[100.34776190241274,13.700161985170842],[100.34618670383766,13.699464311191862],[100.34653968896532,13.697823890657686],[100.34655311981525,13.6977469776652]]]}},{"type":"Feature","properties":{"code":"101204","name":"บางโพงพาง","parentCode":"1012"},"geometry":{"type":"Polygon","coordinates":[[[100.53141395426957,13.699017686383852],[100.52415355306275,13.692467167518314],[100.52237775895142,13.69001373385731],[100.52174244760457,13.688348742910499],[100.52077363126463,13.687114039489863],[100.51888483515948,13.685407016824946],[100.51678566539347,13.68278489560205],[100.52082290698779,13.680212160215007],[100.52760410233306,13.674175074263585],[100.53109551214199,13.671756968433865],[100.53407160789843,13.670338597999423],[100.53673357109089,13.669664497930214],[100.54084391869092,13.6694322096282],[100.54279922502023,13.670084439437218],[100.54644001397024,13.671913681355793],[100.5483807000569,13.673683437172889],[100.55009959164727,13.676077142496199],[100.54849940746325,13.676730067496724],[100.54777176927806,13.677402391410213],[100.54465520404914,13.678098657841153],[100.5434135821341,13.678809202039147],[100.53655843877921,13.685954469180727],[100.53600012223022,13.686373743096679],[100.53558436137891,13.685699500692163],[100.53328983841163,13.687823275295884],[100.5344379088102,13.69120817436213],[100.53150322121321,13.698793409402159],[100.53141395426957,13.699017686383852]]]}},{"type":"Feature","properties":{"code":"100405","name":"สี่พระยา","parentCode":"1004"},"geometry":{"type":"Polygon","coordinates":[[[100.52873751619511,13.7328662307265],[100.52820535569033,13.732434508807621],[100.51567341933232,13.730188649869248],[100.51626798070406,13.725405426762585],[100.5172922094099,13.725526817837867],[100.5335548663262,13.730629629090032],[100.53360474385676,13.730834963365812],[100.52962801877264,13.732501401771756],[100.52873751619511,13.7328662307265]]]}},{"type":"Feature","properties":{"code":"102107","name":"แสมดำ","parentCode":"1021"},"geometry":{"type":"Polygon","coordinates":[[[100.44857307779799,13.681710720316314],[100.4474830942852,13.68148093092358],[100.44683254871403,13.682531072727295],[100.3749198944366,13.618113047574724],[100.37518809714874,13.61754204745881],[100.375730554577,13.61364960662866],[100.37600111557906,13.61368766126665],[100.3763463598347,13.609457311170617],[100.37676644790383,13.609781556829661],[100.37714290931166,13.609454036085213],[100.37713235270056,13.60662910749063],[100.37861156275814,13.601318987424028],[100.3834773722427,13.593543646265731],[100.38138235906126,13.592637712922633],[100.38099146786645,13.591465814962072],[100.38397101043445,13.589327160731187],[100.38447465841422,13.588429409110782],[100.38422430503914,13.587688393891435],[100.38511202860373,13.587484584075359],[100.38482258323515,13.586974305046246],[100.3853370715065,13.58645278018736],[100.38487260501218,13.58613896224227],[100.38568760163398,13.585944594850059],[100.38516073968941,13.585428855644262],[100.38578899748153,13.585502204526156],[100.38565859955908,13.58512777119175],[100.38599948559023,13.58504790690592],[100.3852184280399,13.58382507478971],[100.38545212483982,13.583090410673977],[100.3851811075013,13.582669299366568],[100.38555761613965,13.582458159017964],[100.38552402061553,13.581844759137553],[100.38574128619493,13.581563313872822],[100.38506840633484,13.5809647644516],[100.38515283061457,13.580384609505657],[100.38557227069819,13.580107691429202],[100.3850156478631,13.579337866638976],[100.38504425230715,13.578991930101752],[100.38563169241479,13.578404460349756],[100.38661980090782,13.577988782983834],[100.38696203422805,13.576651228129293],[100.38628917880825,13.57615438087322],[100.38654229324861,13.575681766555268],[100.3871589802677,13.575457990768816],[100.38676790134757,13.574649958878947],[100.38698453699342,13.57426116735999],[100.38800933524622,13.574397848052524],[100.38752724805538,13.573532694074252],[100.38806424390991,13.572318355221048],[100.38889356656435,13.572510359904086],[100.38917803286587,13.57167032191604],[100.38966735152803,13.571098081867099],[100.39014037578605,13.571298845635896],[100.39472770237242,13.570882275285054],[100.39483009562889,13.571306579738328],[100.3968081652442,13.569524823101926],[100.39739358998051,13.569391597307282],[100.39890948898616,13.57055038464719],[100.39990946211245,13.570986602939065],[100.4003732471874,13.571580634576959],[100.40173441809144,13.572350424275774],[100.4025764113965,13.573223693377903],[100.40335507360062,13.572753761198518],[100.40424975922677,13.573059474357299],[100.40532516051894,13.572766404629975],[100.40780463978817,13.573464319597084],[100.40811213792851,13.574386911354203],[100.41048459253327,13.574562218833155],[100.41095795446851,13.575500818719714],[100.4107945338047,13.5774600028177],[100.41270323970419,13.579098975362184],[100.41254313146207,13.582103373882026],[100.41393265744253,13.582573481095137],[100.41313930280964,13.586609751189298],[100.4129132505814,13.5871579427446],[100.41243982014653,13.587384361786253],[100.41217899383633,13.58810789770696],[100.41494909146545,13.589375847655699],[100.41572413633509,13.588584981462233],[100.41724193207678,13.588666754951204],[100.41911107911831,13.58839057615167],[100.42061300649242,13.589881501590302],[100.42361894685392,13.591558185148532],[100.42757671057792,13.591966067126828],[100.42751325825328,13.594295307374443],[100.4280507968911,13.597154450646812],[100.4286645895666,13.597121552792272],[100.42896487397256,13.598748121584626],[100.42964678057709,13.600344250673302],[100.43067277553449,13.601525960028791],[100.4313040942011,13.602774341324091],[100.43023436147703,13.609990837912076],[100.4289157530553,13.610685434080414],[100.42648965700214,13.614054239379849],[100.42607640616238,13.614304072031079],[100.42619780582889,13.616248059936773],[100.42899339660902,13.617269333167183],[100.43009382048584,13.618711633212385],[100.43372418306372,13.62040716012371],[100.43397336554014,13.620730025177139],[100.43408037798774,13.621808528069199],[100.43453957672769,13.622376514006678],[100.43522687857065,13.622261811467022],[100.43549935923427,13.621083942276607],[100.43607885227982,13.621100937048736],[100.43672932889103,13.622063302243495],[100.43594741182064,13.623154847232213],[100.4362316582976,13.624022151623366],[100.43720894967497,13.624480921633683],[100.43876010162876,13.62402335455562],[100.4399767610131,13.624898816737515],[100.44015505100639,13.625436777183483],[100.43961981393002,13.627293020828857],[100.44024932673594,13.628317643787714],[100.4418837572951,13.628539812872372],[100.44293647651632,13.629619600410019],[100.44431683932274,13.629097450279104],[100.44497028161645,13.629302696371948],[100.44550849132116,13.630222747548126],[100.44668634101517,13.629837357490365],[100.4468789338302,13.63015940622036],[100.4465289208113,13.63073885373877],[100.44652883070812,13.631293666119907],[100.44718258314538,13.632023205642417],[100.4479663644632,13.631811858308037],[100.44850310123137,13.629832428025118],[100.44911245347147,13.630006279837534],[100.44914832943542,13.630774444432983],[100.44715746979618,13.633022239039253],[100.44728964609256,13.633572890065665],[100.44805638789231,13.634072387174617],[100.44811191580558,13.634557946464827],[100.44714390139679,13.636012196610192],[100.447311048666,13.63651857608943],[100.44775693136464,13.636882086139034],[100.44776172963608,13.637764557935737],[100.44755407048369,13.63791040297691],[100.44742798170735,13.639782354390714],[100.44664700257266,13.64083776737707],[100.44674285874578,13.6413999301385],[100.44748563924607,13.641944763531408],[100.44740957378241,13.643398337007673],[100.4465383735044,13.643870087019733],[100.4463258397607,13.64435494889077],[100.44715095581155,13.645611178300143],[100.4468741863324,13.646836538643063],[100.44694549406087,13.648299422564353],[100.4461372795522,13.648966288668449],[100.4462086422578,13.649490175164376],[100.44694552727164,13.650011312790479],[100.44667063091035,13.65116547561972],[100.44690544956649,13.65206129536982],[100.44595371303421,13.65335386720203],[100.44659123693424,13.654632657187872],[100.44560502818383,13.654725410687742],[100.44515869545862,13.655242143195569],[100.44532589822839,13.655660384329511],[100.44612773395855,13.656218433721389],[100.44512268295253,13.656918084988504],[100.44537938231613,13.658086098572094],[100.44470631107876,13.660078749966324],[100.444890848357,13.660496890934564],[100.44550019041871,13.660656055591952],[100.44580363292464,13.661055423336538],[100.44498734690016,13.662585626233737],[100.44517670956138,13.663036507379095],[100.44611593644024,13.663666069937436],[100.44541887182343,13.665040774908876],[100.4469042976144,13.66627167829322],[100.44687423843433,13.667878655773078],[100.44747970616518,13.67090115123696],[100.44867259233038,13.672282901690389],[100.4484284865971,13.674410909756858],[100.449225496654,13.676529440343849],[100.4490374898724,13.67658703775991],[100.44900490195809,13.677588370427715],[100.44846126522171,13.679300045127267],[100.44862684313738,13.68162113934066],[100.44857307779799,13.681710720316314]]]}},{"type":"Feature","properties":{"code":"102105","name":"ท่าข้าม","parentCode":"1021"},"geometry":{"type":"Polygon","coordinates":[[[100.45158314142236,13.67544105162448],[100.44864282410249,13.675258255107918],[100.4483723231335,13.67372987322246],[100.44867259233038,13.672282901690389],[100.44747970616518,13.67090115123696],[100.44685417970881,13.667716058897174],[100.44696767314764,13.666431762480098],[100.44539924249487,13.664948232708962],[100.44611593644024,13.663666069937436],[100.44517670956138,13.663036507379095],[100.44498734690016,13.662585626233737],[100.44580363292464,13.661055423336538],[100.44550019041871,13.660656055591952],[100.444890848357,13.660496890934564],[100.44470631107876,13.660078749966324],[100.44537938231613,13.658086098572094],[100.44512268295253,13.656918084988504],[100.44612773395855,13.656218433721389],[100.44532589822839,13.655660384329511],[100.44515869545862,13.655242143195569],[100.44560502818383,13.654725410687742],[100.44659123693424,13.654632657187872],[100.44595371303421,13.65335386720203],[100.44690544956649,13.65206129536982],[100.44667063091035,13.65116547561972],[100.44694552727164,13.650011312790479],[100.4462086422578,13.649490175164376],[100.4461372795522,13.648966288668449],[100.44694549406087,13.648299422564353],[100.4468741863324,13.646836538643063],[100.44715095581155,13.645611178300143],[100.4463258397607,13.64435494889077],[100.4465383735044,13.643870087019733],[100.44740957378241,13.643398337007673],[100.44748563924607,13.641944763531408],[100.44674285874578,13.6413999301385],[100.44664700257266,13.64083776737707],[100.44742798170735,13.639782354390714],[100.44755407048369,13.63791040297691],[100.44776172963608,13.637764557935737],[100.44775693136464,13.636882086139034],[100.447311048666,13.63651857608943],[100.44714390139679,13.636012196610192],[100.44811191580558,13.634557946464827],[100.44805638789231,13.634072387174617],[100.44728964609256,13.633572890065665],[100.44715746979618,13.633022239039253],[100.44848968272161,13.631707112259914],[100.44921579721569,13.63065992507124],[100.44921304298369,13.630207957107405],[100.44892461769862,13.629801722147365],[100.44850310123137,13.629832428025118],[100.4479663644632,13.631811858308037],[100.44718258314538,13.632023205642417],[100.44652883070812,13.631293666119907],[100.4465289208113,13.63073885373877],[100.4468789338302,13.63015940622036],[100.44668634101517,13.629837357490365],[100.44550849132116,13.630222747548126],[100.44497028161645,13.629302696371948],[100.44431683932274,13.629097450279104],[100.44293647651632,13.629619600410019],[100.4418837572951,13.628539812872372],[100.44024932673594,13.628317643787714],[100.43961981393002,13.627293020828857],[100.44015505100639,13.625436777183483],[100.4399767610131,13.624898816737515],[100.43876010162876,13.62402335455562],[100.43720894967497,13.624480921633683],[100.4362316582976,13.624022151623366],[100.43594741182064,13.623154847232213],[100.43672932889103,13.622063302243495],[100.43607885227982,13.621100937048736],[100.43549935923427,13.621083942276607],[100.43522687857065,13.622261811467022],[100.43453957672769,13.622376514006678],[100.43408037798774,13.621808528069199],[100.43397336554014,13.620730025177139],[100.43372418306372,13.62040716012371],[100.43009382048584,13.618711633212385],[100.42899339660902,13.617269333167183],[100.42654665971021,13.616529682597006],[100.4261447474819,13.616165876182514],[100.42607640616238,13.614304072031079],[100.42648965700214,13.614054239379849],[100.4289157530553,13.610685434080414],[100.43023436147703,13.609990837912076],[100.4313040942011,13.602774341324091],[100.43067277553449,13.601525960028791],[100.42964678057709,13.600344250673302],[100.42896487397256,13.598748121584626],[100.4286645895666,13.597121552792272],[100.4280507968911,13.597154450646812],[100.42751325825328,13.594295307374443],[100.42757671057792,13.591966067126828],[100.42361894685392,13.591558185148532],[100.42061300649242,13.589881501590302],[100.41911107911831,13.58839057615167],[100.41724193207678,13.588666754951204],[100.41572413633509,13.588584981462233],[100.41494909146545,13.589375847655699],[100.41217899383633,13.58810789770696],[100.41243982014653,13.587384361786253],[100.4129132505814,13.5871579427446],[100.41313930280964,13.586609751189298],[100.41393265744253,13.582573481095137],[100.41254313146207,13.582103373882026],[100.41270323970419,13.579098975362184],[100.4107945338047,13.5774600028177],[100.41095795446851,13.575500818719714],[100.41048459253327,13.574562218833155],[100.40811213792851,13.574386911354203],[100.40780463978817,13.573464319597084],[100.40532516051894,13.572766404629975],[100.40424975922677,13.573059474357299],[100.40335507360062,13.572753761198518],[100.4025764113965,13.573223693377903],[100.40173441809144,13.572350424275774],[100.4003732471874,13.571580634576959],[100.39990946211245,13.570986602939065],[100.39890948898616,13.57055038464719],[100.39739358998051,13.569391597307282],[100.3968081652442,13.569524823101926],[100.39483009562889,13.571306579738328],[100.39472770237242,13.570882275285054],[100.39014037578605,13.571298845635896],[100.38966735152803,13.571098081867099],[100.38966211464259,13.569701440076612],[100.3904610711178,13.569539921309003],[100.39070156346179,13.569084325000995],[100.3915960505741,13.56886464100224],[100.39151795282437,13.568049222326504],[100.39078784455927,13.567635194063582],[100.39074985578286,13.567359687927803],[100.39098957630088,13.566275819027748],[100.39079955664414,13.565480233146998],[100.39123315347918,13.56516028967021],[100.39141637484559,13.56419312538381],[100.39128323996538,13.563347503100095],[100.39226832606317,13.563019964622177],[100.39314851881934,13.56144210655302],[100.39258535205248,13.560932231142747],[100.39294130510268,13.559678215321188],[100.39341119800773,13.558651821679929],[100.39417473749327,13.558266753975174],[100.39404642120648,13.557356697025234],[100.39427682605428,13.55616439932599],[100.39482236629338,13.555733087473316],[100.39471421987481,13.555013886551832],[100.39518281815069,13.554758152195161],[100.39524424442625,13.554101283946768],[100.39583575647085,13.553532984878089],[100.39673384546083,13.553446606576331],[100.39731217611846,13.553094206113895],[100.39831898080594,13.553033204939211],[100.39892971802556,13.553285164524947],[100.39936634589651,13.552797954352583],[100.40033677254918,13.553132644774728],[100.4013414471197,13.552905534312334],[100.40185083346,13.55330495328309],[100.4024494443967,13.553162605464713],[100.40332114633517,13.553501228757241],[100.40439747552553,13.555150613510023],[100.40518375149873,13.555102122623877],[100.40550704170626,13.554690119154087],[100.40654982377069,13.554461643228587],[100.40742010181664,13.554851107638395],[100.4086146466437,13.554602559346218],[100.40970248115825,13.555061977630416],[100.41068841228947,13.555084662661633],[100.41146069440639,13.555601223602851],[100.41196160444034,13.555539634679533],[100.41226463237335,13.556001215549436],[100.41219592272724,13.556785812868398],[100.41258109061995,13.557269528361594],[100.41303649781617,13.557130224640535],[100.41387019869474,13.55748371211546],[100.4143428343082,13.556937514217417],[100.41517211230841,13.557226613341426],[100.41542166745634,13.55636076368667],[100.41516165264039,13.555752046012534],[100.41465870410866,13.551856452038908],[100.4147881674181,13.55109298032267],[100.41653829448933,13.550367787300708],[100.41926137531713,13.547288958582842],[100.42001757814674,13.545389685145466],[100.42004922567361,13.54449456014155],[100.4185684453301,13.54086668251309],[100.41781633503588,13.540142109028233],[100.41573028559489,13.53941717612276],[100.41481064200106,13.53867884991338],[100.41495588934892,13.537655392673468],[100.41279377388274,13.533232419744655],[100.41249405338431,13.529898393765384],[100.41114986382516,13.526188319473976],[100.40986319701152,13.524298319205998],[100.40876302315752,13.523581319221728],[100.4079891506221,13.52159463219256],[100.40667408916339,13.519875399059652],[100.40658870730287,13.507972563172647],[100.4098879559567,13.49381898495694],[100.41074032942385,13.494344158644813],[100.41257897643915,13.494501051929115],[100.4128511113226,13.49492778467003],[100.41328694324153,13.495013469463382],[100.41403423581313,13.494359515453445],[100.41455691961292,13.494879753453457],[100.41509742678186,13.494897044649123],[100.41557669175366,13.495298876553711],[100.41629395672462,13.494645085762528],[100.41699256235387,13.49445017289612],[100.41804925356846,13.495352711781951],[100.41885594797989,13.495569628007862],[100.41947956947469,13.49528925346428],[100.41979888416982,13.495490844405058],[100.4205382503126,13.494866296084188],[100.42083318653465,13.49543639854312],[100.42099749932109,13.494908895218975],[100.42126592638317,13.49519439039545],[100.42164715856552,13.49483402520584],[100.422127000764,13.495331888901946],[100.4221859006802,13.495138327789451],[100.42252494018089,13.495355622093316],[100.42324838964608,13.494969584055745],[100.42522826370545,13.495379828862688],[100.43378708873458,13.496076844779548],[100.4361367319966,13.49594814669764],[100.441575735526,13.497253711791737],[100.45276090352903,13.499364373772565],[100.4534054189972,13.49958550388595],[100.45391748855694,13.50014978078788],[100.44881028769449,13.52751560869344],[100.4457244251188,13.546822052947842],[100.44458204187548,13.552346302603132],[100.44441377365231,13.554604955605848],[100.44676471297129,13.582920774411592],[100.44625487654851,13.584851454775446],[100.4467544445653,13.586275703822054],[100.44659714871828,13.587100361996468],[100.44750857387484,13.58786457867533],[100.44768648043717,13.589199165068598],[100.44837594728219,13.58964827578775],[100.44921461274059,13.59079257518529],[100.44910913613722,13.591969482261863],[100.4498989157529,13.592576199092381],[100.45011808485735,13.593474375030967],[100.45082819560156,13.594465739927852],[100.45107752871567,13.596048497621103],[100.45089474864129,13.596480077813426],[100.45217940214665,13.598390139797235],[100.45211892476348,13.599840234688346],[100.45238493216739,13.601691822603458],[100.45326428897128,13.602867503057876],[100.45370318419134,13.603989253499304],[100.45364995208766,13.605394106698524],[100.45389645726597,13.605939568847749],[100.45443145700489,13.605676553091977],[100.4547318406675,13.605018290541242],[100.45566732780408,13.6052614146495],[100.45587002081727,13.604969829920874],[100.45753739507825,13.6043713667281],[100.45806221358828,13.604428181648208],[100.4586555838519,13.604926408315688],[100.45945820819142,13.604884416933105],[100.4601981096374,13.605352401595601],[100.46148814617625,13.605012624743532],[100.46224547165569,13.605777680023452],[100.46299193853356,13.606090813032957],[100.46392458173149,13.605869508954244],[100.46522399396038,13.603861843285213],[100.46583446121743,13.603945256619593],[100.46597480373323,13.603567025451511],[100.46574008653172,13.601749177927209],[100.46612873207452,13.600327664840036],[100.46713487132592,13.598632456628858],[100.4667637246484,13.597921639178082],[100.46685676617788,13.596991137472402],[100.46866105002827,13.59491042925029],[100.46976265610985,13.592685831529796],[100.47365117713696,13.593848188231297],[100.47297192255492,13.596930198573135],[100.47318659322761,13.599235163868482],[100.47543812496173,13.602044458600702],[100.47630384480861,13.602307126774779],[100.47674651044191,13.602715803783779],[100.47692852243507,13.604031117672044],[100.47824331103529,13.60573180179115],[100.47899518189553,13.605517165730927],[100.47950310668853,13.605829404296383],[100.47968714383488,13.606258820843193],[100.47954553737384,13.607452889772313],[100.4807664882465,13.609290837055346],[100.48117836735811,13.611618341279824],[100.48166951003915,13.612479827855726],[100.48146804936725,13.615935278530532],[100.48047523884883,13.617444020088378],[100.4797133603116,13.618005617295578],[100.47887711635065,13.618034318419626],[100.47865138240594,13.61824018093109],[100.47842846003451,13.619735298858613],[100.47623958235407,13.620078244467885],[100.47525584920879,13.621195951462765],[100.47442833744529,13.621703686409308],[100.47382632349779,13.622899352755656],[100.47214462769873,13.62408898343823],[100.4723049951758,13.625266572820799],[100.47302750278634,13.625896196860797],[100.47356908240656,13.62678564840818],[100.47442483619847,13.627382839097471],[100.47408075717448,13.628814266109151],[100.4756022449034,13.62963801309326],[100.4757623132793,13.630763621924023],[100.47514811015667,13.63213789642001],[100.4750147238666,13.634939833300633],[100.47354650261072,13.639637836043011],[100.47285745285372,13.646182071233646],[100.47034457173012,13.65898460773141],[100.46848347498717,13.658487153335388],[100.46650365303351,13.657287556280725],[100.4646271097195,13.655688458153445],[100.4648601741976,13.655352616792829],[100.46410140727089,13.65457064825013],[100.46369624773419,13.65426230096915],[100.46318059122966,13.654585118479602],[100.4628352500115,13.654045906752987],[100.46109019818768,13.655216649335784],[100.45769277487673,13.656289748354476],[100.457161006766,13.656531292433854],[100.45715496668292,13.656770878215372],[100.44991589498075,13.659325183446716],[100.45347308345008,13.66884685083547],[100.45159236113544,13.675342691513109],[100.45158314142236,13.67544105162448]]]}},{"type":"Feature","properties":{"code":"104901","name":"บางมด","parentCode":"1049"},"geometry":{"type":"Polygon","coordinates":[[[100.4758299364328,13.661817582297859],[100.47587674481863,13.660890747602338],[100.47008653306503,13.660137555213483],[100.47233658095304,13.649292520923751],[100.47323456218489,13.643366259578418],[100.47354650261072,13.639637836043011],[100.47486983981065,13.635330525468104],[100.4797409162425,13.635339984112136],[100.48092534081968,13.634626711293574],[100.48289648760644,13.636587841522019],[100.48416465755133,13.63624241633979],[100.48576479441901,13.636697260463984],[100.4865231610999,13.63612210279305],[100.48705879775294,13.636603643506428],[100.48752629041483,13.636442652869276],[100.48837096515963,13.635444374087275],[100.48935101721956,13.636046411406568],[100.49004145882377,13.6359722150804],[100.49078516906238,13.634536117643405],[100.492208624278,13.633533225532465],[100.4929133502464,13.632699615609994],[100.494557672251,13.636233226153667],[100.49529477223676,13.638800534601772],[100.49582761896725,13.639844780883587],[100.49598725991052,13.639968112599739],[100.49649067270856,13.639365083017488],[100.49673618747634,13.63936473364565],[100.49867822026316,13.641263750370227],[100.50392530285482,13.64453483645457],[100.51045147340324,13.645248892545009],[100.512768867931,13.644743265297313],[100.51826558454773,13.644823841295013],[100.52160866290718,13.642381945480805],[100.51921663677176,13.649003277739562],[100.51684530674319,13.654542000096516],[100.51758106336545,13.661817625645575],[100.51383089252026,13.66144393744229],[100.50861854043757,13.663351380245008],[100.50648277084757,13.65991806807201],[100.50340544297003,13.661966098564317],[100.5025130680516,13.66008790507108],[100.50075577414353,13.657468052364361],[100.49976396640287,13.655298922848841],[100.50021764611759,13.654959459581503],[100.49954898834133,13.654008704517942],[100.49640568147666,13.656129362063028],[100.49695399485609,13.658975756853124],[100.4939477813797,13.659761106787208],[100.49385268787837,13.660165067131434],[100.49288196075304,13.660420627850275],[100.49223303850032,13.658288947023102],[100.49134149717216,13.656527081557329],[100.48824010017758,13.657702762697632],[100.48544480930919,13.657484485502346],[100.48410729611312,13.657752376253965],[100.48325152764417,13.658746194763587],[100.48197519982227,13.661966252980394],[100.47949837984638,13.661777649166705],[100.47788971038342,13.66211266345552],[100.47594960991808,13.661830429478377],[100.4758299364328,13.661817582297859]]]}},{"type":"Feature","properties":{"code":"101507","name":"สำเหร่","parentCode":"1015"},"geometry":{"type":"Polygon","coordinates":[[[100.4928919888631,13.721276683135693],[100.49144389700378,13.721109160126886],[100.48590442890438,13.704965220745006],[100.48591351587226,13.704756127770633],[100.49230939256243,13.700857758364776],[100.49495695094726,13.703036106434233],[100.49873596695326,13.705120562391375],[100.49598934062644,13.70893715792391],[100.4955808534792,13.70995091974053],[100.49472951973529,13.710567362329558],[100.49318967393475,13.712878344344462],[100.49318382248897,13.718626354653114],[100.49289590532155,13.721256320680038],[100.4928919888631,13.721276683135693]]]}},{"type":"Feature","properties":{"code":"101803","name":"บางลำภูล่าง","parentCode":"1018"},"geometry":{"type":"Polygon","coordinates":[[[100.4930124886544,13.720958443813878],[100.49318967393475,13.712878344344462],[100.49472951973529,13.710567362329558],[100.4955808534792,13.70995091974053],[100.49598934062644,13.70893715792391],[100.49873596695326,13.705120562391375],[100.50122815204448,13.706383399014328],[100.50414190072871,13.7082357278738],[100.50639077389836,13.71029997584784],[100.50900281686799,13.713395866194245],[100.51138946429577,13.71738009183414],[100.50823037255172,13.718580167131003],[100.50609950598833,13.719088073097849],[100.50180318560687,13.720940190710861],[100.49387124092961,13.721051557036708],[100.4930124886544,13.720958443813878]]]}},{"type":"Feature","properties":{"code":"103303","name":"พระโขนง","parentCode":"1033"},"geometry":{"type":"Polygon","coordinates":[[[100.58456167623008,13.72012948254146],[100.57765878080784,13.725012993413559],[100.5766836083272,13.722027261648178],[100.57622228608082,13.719576074197242],[100.57628753755726,13.71489337452499],[100.57631871141258,13.714455905895427],[100.57659735664868,13.71438746464728],[100.57655396649328,13.712907578892736],[100.58127236422334,13.710876399555989],[100.58704209307407,13.70760455134515],[100.58805033272488,13.706474967096085],[100.58865805796609,13.705076779853407],[100.58131760838089,13.703301305459505],[100.58181842679626,13.700686920168412],[100.58116401668192,13.698910390712511],[100.58347923832501,13.69700075283485],[100.58784295491535,13.699084556102516],[100.5880535832188,13.698957786352333],[100.58939252906002,13.69941131284727],[100.59019332295985,13.699919137496412],[100.59464874728155,13.701620316573958],[100.59467173427254,13.701430346636293],[100.59555309599922,13.70163030275714],[100.59742212383786,13.702711969661571],[100.5977500585271,13.702672566056053],[100.59899800248866,13.703676878416417],[100.60164311352284,13.704678918178185],[100.59944247740401,13.709161852881039],[100.59866460666932,13.710085480404489],[100.58464611794936,13.720054368193065],[100.58456167623008,13.72012948254146]]]}},{"type":"Feature","properties":{"code":"102802","name":"ยานนาวา","parentCode":"1028"},"geometry":{"type":"Polygon","coordinates":[[[100.51513245970851,13.718567319378568],[100.51215147487473,13.719333590325576],[100.511852172254,13.718256343793891],[100.51020744514297,13.715169273890279],[100.50819494402201,13.712307027076776],[100.5099649010664,13.711216011834866],[100.51692333923779,13.709663834653535],[100.51730772257547,13.711300994592996],[100.5183408143387,13.711102565135175],[100.51887561099483,13.713842732029626],[100.52143725145257,13.71365861917939],[100.52367961514659,13.714504675808483],[100.52791076181948,13.713883088005193],[100.52962907136629,13.714379792912212],[100.5332213430263,13.716025290303728],[100.53029420753526,13.721873802994262],[100.51763256571004,13.718150853440777],[100.51662880004861,13.71815136655759],[100.51513245970851,13.718567319378568]]]}},{"type":"Feature","properties":{"code":"102402","name":"บางปะกอก","parentCode":"1024"},"geometry":{"type":"Polygon","coordinates":[[[100.49003948984864,13.694962999513557],[100.48866346267806,13.695294443210717],[100.487707411886,13.694966859675743],[100.48790047346526,13.69479394848012],[100.48658860140931,13.695128384875611],[100.48560234441743,13.694959166557917],[100.48531583977993,13.695158625608359],[100.48485432624065,13.69490941817891],[100.48327588819478,13.695030747517407],[100.4826481807027,13.694816430031535],[100.48242370093395,13.693018909120834],[100.48171539066686,13.692850269031332],[100.48137735037072,13.691094102767515],[100.48196767629312,13.689769668089886],[100.48898615763673,13.684590855566707],[100.4881965824062,13.682428378337981],[100.48742300120001,13.68244206409097],[100.48824100833839,13.679935465226604],[100.48856337738293,13.679561778581116],[100.48020154165016,13.669189279142085],[100.48213147128213,13.664784529043185],[100.47560508577224,13.663564687704955],[100.4758299364328,13.661817582297859],[100.47788971038342,13.66211266345552],[100.47949837984638,13.661777649166705],[100.48197519982227,13.661966252980394],[100.48325152764417,13.658746194763587],[100.48410729611312,13.657752376253965],[100.48544480930919,13.657484485502346],[100.48824010017758,13.657702762697632],[100.49134149717216,13.656527081557329],[100.49223303850032,13.658288947023102],[100.49294047377049,13.660446264228446],[100.49391205033918,13.660142110857736],[100.4939477813797,13.659761106787208],[100.49695399485609,13.658975756853124],[100.4995629188165,13.664895554148723],[100.50116212970605,13.669367199511926],[100.50173215028919,13.670334360079732],[100.50314130566782,13.674615046654203],[100.50373313525034,13.67546455595562],[100.50364969066499,13.676336240402268],[100.50431571433244,13.677950260587965],[100.50423324352195,13.678884085233712],[100.50497822576841,13.681828683439871],[100.5057570316533,13.683819408753605],[100.50603342014382,13.68575894889995],[100.49928447806303,13.686997631847664],[100.49562209944835,13.688419769038855],[100.49271036660043,13.690410210637783],[100.49045722782597,13.693398911363655],[100.49004850829796,13.69483526242975],[100.49003948984864,13.694962999513557]]]}},{"type":"Feature","properties":{"code":"103503","name":"บางมด","parentCode":"1035"},"geometry":{"type":"Polygon","coordinates":[[[100.46927328279028,13.686824982174976],[100.46453110187517,13.686249680836642],[100.46445069840846,13.68595523983859],[100.46255705643132,13.685461343110164],[100.46374603414357,13.68225881815198],[100.46370615736602,13.680668083511371],[100.45971502770752,13.67874585552468],[100.45845237103332,13.67787192809275],[100.45622957119564,13.677959578654272],[100.45545451435167,13.677732491893943],[100.4534932257027,13.67674738394797],[100.4526656834263,13.675969177853348],[100.45158314142236,13.67544105162448],[100.45347308345008,13.66884685083547],[100.44991589498075,13.659325183446716],[100.45715496668292,13.656770878215372],[100.457161006766,13.656531292433854],[100.45769277487673,13.656289748354476],[100.46109019818768,13.655216649335784],[100.4628352500115,13.654045906752987],[100.46318059122966,13.654585118479602],[100.46369624773419,13.65426230096915],[100.46410140727089,13.65457064825013],[100.4648601741976,13.655352616792829],[100.4646271097195,13.655688458153445],[100.46650365303351,13.657287556280725],[100.46848347498717,13.658487153335388],[100.47034457173012,13.65898460773141],[100.47009736625431,13.660207547791982],[100.47592954962812,13.660927721582976],[100.47560508577224,13.663564687704955],[100.48213147128213,13.664784529043185],[100.48020154165016,13.669189279142085],[100.48844742483,13.679315017977107],[100.48856337738293,13.679561778581116],[100.48824100833839,13.679935465226604],[100.48742300120001,13.68244206409097],[100.4881965824062,13.682428378337981],[100.48898615763673,13.684590855566707],[100.48694134932967,13.68615906844412],[100.48712020013771,13.685196415985413],[100.48667543492242,13.68466688475595],[100.48704699238615,13.683291776805671],[100.48578598803174,13.682883526928332],[100.48536387417239,13.68421373844869],[100.4784040284227,13.682416963403313],[100.47824570630301,13.682878925887218],[100.47766150389035,13.682778456583868],[100.47656972394651,13.683190617879502],[100.47481981057201,13.683229291861512],[100.47393737117233,13.683485393028297],[100.4719858544044,13.682603210713017],[100.47072892560307,13.682661524704185],[100.4699295087502,13.685309217548019],[100.4698547631355,13.686578592482563],[100.46944494188257,13.686833003025743],[100.46927328279028,13.686824982174976]]]}},{"type":"Feature","properties":{"code":"102401","name":"ราษฎร์บูรณะ","parentCode":"1024"},"geometry":{"type":"Polygon","coordinates":[[[100.5057570316533,13.683819408753605],[100.50497822576841,13.681828683439871],[100.50423324352195,13.678884085233712],[100.50438039055386,13.6782176623888],[100.50364969066499,13.676336240402268],[100.50373313525034,13.67546455595562],[100.50314130566782,13.674615046654203],[100.50173215028919,13.670334360079732],[100.49698690186472,13.659155218083757],[100.49640568147666,13.656129362063028],[100.49954898834133,13.654008704517942],[100.50021764611759,13.654959459581503],[100.49976396640287,13.655298922848841],[100.50075577414353,13.657468052364361],[100.5025130680516,13.66008790507108],[100.50340544297003,13.661966098564317],[100.50648277084757,13.65991806807201],[100.50861854043757,13.663351380245008],[100.51383089252026,13.66144393744229],[100.51758106336545,13.661817625645575],[100.51762137494235,13.667304305535106],[100.51792897086081,13.667250446725063],[100.52040056410024,13.668327941085863],[100.52038054330113,13.668899806465086],[100.52064974909442,13.668805501421456],[100.52075784923058,13.669085059445388],[100.52107595018707,13.669137344977345],[100.52108279454426,13.669663847509247],[100.52061557348449,13.670232807002058],[100.52072427614907,13.670606144942601],[100.52042932957198,13.671011337272489],[100.52100636255143,13.671438298728717],[100.52111243897606,13.671852330623572],[100.52158628333342,13.672044899622644],[100.52164578080996,13.673212875978885],[100.52203404855291,13.673574327780758],[100.5217898530711,13.67504472937373],[100.52054815551438,13.675123536469227],[100.52037836200417,13.675674851202313],[100.52279309834779,13.678407999192585],[100.52082290698779,13.680212160215007],[100.51866814131236,13.681710101679982],[100.51602122766097,13.68323250687341],[100.51317948163249,13.684471337029663],[100.51069980923646,13.68513957325427],[100.50603342014382,13.68575894889995],[100.50577083057324,13.683899549865819],[100.5057570316533,13.683819408753605]]]}},{"type":"Feature","properties":{"code":"101401","name":"สามเสนใน","parentCode":"1014"},"geometry":{"type":"Polygon","coordinates":[[[100.56144128884698,13.795005916095425],[100.5505793648697,13.796176025092517],[100.54127509534098,13.770392759402794],[100.5389523778259,13.766029803852483],[100.53997342242633,13.765443996975996],[100.54034794239278,13.7648235959268],[100.54094032417424,13.764639105388838],[100.54149190262082,13.764049232548707],[100.54236453156601,13.763765812915686],[100.54302491676499,13.762934585935213],[100.54346442142165,13.762706981243443],[100.54850587237513,13.763987163548489],[100.55145617641696,13.769729972516325],[100.55507297934379,13.77580748957337],[100.56100793057769,13.786857599476399],[100.5619353469262,13.789503577013685],[100.56168707079753,13.792588638337115],[100.56144128884698,13.795005916095425]]]}},{"type":"Feature","properties":{"code":"105005","name":"คลองบางบอน","parentCode":"1050"},"geometry":{"type":"Polygon","coordinates":[[[100.44683254871403,13.682531072727295],[100.44638694384102,13.68307944464087],[100.44635142699606,13.683886442139926],[100.44541871840435,13.684244434439037],[100.44507976821978,13.684902184661876],[100.40585875021331,13.663147840993],[100.40525382441125,13.653224896899893],[100.40569217900998,13.65144771705779],[100.40776848570356,13.647683531190365],[100.44563865786894,13.68146571220543],[100.44683254871403,13.682531072727295]]]}},{"type":"Feature","properties":{"code":"104902","name":"ทุ่งครุ","parentCode":"1049"},"geometry":{"type":"Polygon","coordinates":[[[100.50289354800123,13.643898149929816],[100.49867822026316,13.641263750370227],[100.49673618747634,13.63936473364565],[100.49649067270856,13.639365083017488],[100.49598725991052,13.639968112599739],[100.49582761896725,13.639844780883587],[100.49529477223676,13.638800534601772],[100.494557672251,13.636233226153667],[100.4929133502464,13.632699615609994],[100.492208624278,13.633533225532465],[100.49078516906238,13.634536117643405],[100.49004145882377,13.6359722150804],[100.48935101721956,13.636046411406568],[100.48837096515963,13.635444374087275],[100.48752629041483,13.636442652869276],[100.48705879775294,13.636603643506428],[100.4865231610999,13.63612210279305],[100.48576479441901,13.636697260463984],[100.48416465755133,13.63624241633979],[100.48289648760644,13.636587841522019],[100.48092534081968,13.634626711293574],[100.4797409162425,13.635339984112136],[100.47486983981065,13.635330525468104],[100.47514811015667,13.63213789642001],[100.4757623132793,13.630763621924023],[100.47564182645704,13.629686365875644],[100.47411170162891,13.628867190198058],[100.47442483619847,13.627382839097471],[100.47356908240656,13.62678564840818],[100.47214157119795,13.624995222531414],[100.47222419151848,13.623970997529682],[100.47382632349779,13.622899352755656],[100.47442833744529,13.621703686409308],[100.47525584920879,13.621195951462765],[100.47617808416871,13.620128327230569],[100.47852949662524,13.619634132907962],[100.47865138240594,13.61824018093109],[100.47887711635065,13.618034318419626],[100.4797133603116,13.618005617295578],[100.48038913767643,13.617531538430026],[100.48131483778303,13.616284215352392],[100.4815857967743,13.615363954249746],[100.48166951003915,13.612479827855726],[100.48117836735811,13.611618341279824],[100.4807664882465,13.609290837055346],[100.47954553737384,13.607452889772313],[100.4796381650544,13.606091879598429],[100.47899518189553,13.605517165730927],[100.47824331103529,13.60573180179115],[100.47686850901243,13.603854071530431],[100.47689770807709,13.602973666483386],[100.47779702512845,13.6018541995993],[100.47693177498634,13.59933728066406],[100.4786339172462,13.598215310935082],[100.4802991928942,13.598228019596299],[100.48067194250324,13.597981735155175],[100.4816698465145,13.593121538523487],[100.48213796739739,13.592516491024584],[100.48780369075654,13.589597975178146],[100.4882315399549,13.589577341553316],[100.48964467725548,13.588347428325898],[100.49081690931176,13.588403697459565],[100.4946417969738,13.587614690767056],[100.49606908366644,13.588188050346407],[100.49907352373394,13.591948527166137],[100.49922052326967,13.59465950356041],[100.49960248474108,13.595514830264314],[100.50035779757103,13.595397289467284],[100.50173587267462,13.595942658244127],[100.50458141323739,13.59764977704076],[100.50590448788498,13.597714098586458],[100.50699023020609,13.597421659138886],[100.50778919928591,13.597631512934829],[100.51144187834628,13.596818423390296],[100.51283268257943,13.601093564761404],[100.5137182856402,13.602572917953133],[100.5197442959839,13.604923761977304],[100.52105975307535,13.605146235110784],[100.52049951809663,13.607414038705],[100.52037510498897,13.60900687093222],[100.51955561784771,13.609933898001104],[100.51878799381043,13.610118242461668],[100.5179752344181,13.610924321633282],[100.51824425364703,13.611535103602913],[100.51766999321083,13.612242553981643],[100.51709352813157,13.612060759620473],[100.5164104392694,13.61264118791854],[100.51688599101549,13.614028105855043],[100.51662553055206,13.61476075963351],[100.5167280278659,13.616251644841874],[100.51608146901917,13.617853309685731],[100.51647503631541,13.618700619164647],[100.51563932073303,13.62116783445939],[100.51578571128069,13.621841511601398],[100.51539377683936,13.62360885348928],[100.51495382798315,13.624368587852128],[100.51499649730788,13.626623671729869],[100.51437807417238,13.627478278351985],[100.51424988198119,13.628483568451426],[100.51492263352786,13.629083982772073],[100.51492282567638,13.630020695487003],[100.51621940994113,13.631338198153669],[100.51807795341257,13.634897431269527],[100.51686624310094,13.636383909386623],[100.51676705182119,13.637405972304473],[100.51693371769892,13.637723594477007],[100.52160866290718,13.642381945480805],[100.51826558454773,13.644823841295013],[100.512768867931,13.644743265297313],[100.50998456051362,13.645228003111853],[100.50406766869892,13.64457465264181],[100.50295210048283,13.643930563634614],[100.50289354800123,13.643898149929816]]]}},{"type":"Feature","properties":{"code":"105004","name":"คลองบางพราน","parentCode":"1050"},"geometry":{"type":"Polygon","coordinates":[[[100.44507976821978,13.684902184661876],[100.44415838969194,13.686023562022461],[100.44403828487941,13.68660506160796],[100.44345228670196,13.686874017728845],[100.44254530484423,13.687853328524724],[100.43772933394304,13.693680300914066],[100.43727013908341,13.693520253003111],[100.43467017005088,13.69166072939522],[100.42892194667147,13.68812441653849],[100.4222373653758,13.684318749879973],[100.40679551882724,13.676389765103316],[100.40585875021331,13.663147840993],[100.41762153833292,13.669843162025744],[100.42958518561542,13.676138817146011],[100.44476430735956,13.684697710534783],[100.44507976821978,13.684902184661876]]]}},{"type":"Feature","properties":{"code":"105003","name":"บางบอนใต้","parentCode":"1050"},"geometry":{"type":"Polygon","coordinates":[[[100.40776848570356,13.647683531190365],[100.40569217900998,13.65144771705779],[100.40525382441125,13.653224896899893],[100.40585875021331,13.663147840993],[100.39555086472402,13.657288496174052],[100.38842417266464,13.651780742502403],[100.37312931804976,13.639687816407124],[100.36308783321054,13.631160717597389],[100.36270394620065,13.630806872619532],[100.36325743003997,13.630009448339287],[100.36301719257388,13.62962091674677],[100.36402956151677,13.628556555031732],[100.3649925179462,13.62804390056677],[100.36505330620302,13.627462748428417],[100.36559536747602,13.627697070634351],[100.36730820994596,13.627193848276427],[100.36724142256965,13.62622806816458],[100.37018093208485,13.625368910085948],[100.37104225228735,13.625568690944101],[100.37144139864567,13.62496194261008],[100.3712148750374,13.624548483108097],[100.37197692062254,13.62085710447781],[100.37301692742389,13.620791476395645],[100.37288887891111,13.620124355853733],[100.37467463348001,13.619055688557896],[100.37516348506826,13.618481208884218],[100.40687648652249,13.64688672795834],[100.40776848570356,13.647683531190365]]]}},{"type":"Feature","properties":{"code":"104702","name":"บางนาเหนือ","parentCode":"1047"},"geometry":{"type":"Polygon","coordinates":[[[100.64021542531528,13.677860717793562],[100.62465880655688,13.678340595229528],[100.62280519289163,13.683119686648142],[100.62274115839254,13.684482734581891],[100.61051913270249,13.684325244143288],[100.60749985541499,13.682048938882152],[100.60689794742869,13.682407627726956],[100.60440247650746,13.681028397936478],[100.60032648652,13.679936176955692],[100.59928464094912,13.680086401343718],[100.59437298917491,13.681703296113032],[100.58873888354886,13.683037742016431],[100.58870626739296,13.682482045184345],[100.58744925082344,13.67984163632564],[100.58587776991999,13.677489682031537],[100.58810579678358,13.676834829129273],[100.5938970612926,13.675719026785277],[100.60478085386082,13.673647967361612],[100.60787596428662,13.67346288435803],[100.65247487730454,13.664673124625907],[100.6538095634905,13.668976649166641],[100.65184139024691,13.669242860518562],[100.64762745025591,13.669072047279819],[100.64531089600601,13.66958796217523],[100.64463182607501,13.670635333834506],[100.6437140742325,13.67142215797861],[100.64116480158742,13.675378894528036],[100.64024462173451,13.677738499041917],[100.64021542531528,13.677860717793562]]]}},{"type":"Feature","properties":{"code":"104703","name":"บางนาใต้","parentCode":"1047"},"geometry":{"type":"Polygon","coordinates":[[[100.65247487730454,13.664673124625907],[100.60787596428662,13.67346288435803],[100.60478085386082,13.673647967361612],[100.5938970612926,13.675719026785277],[100.58810579678358,13.676834829129273],[100.58587776991999,13.677489682031537],[100.58177156823305,13.672574308366954],[100.57904993538757,13.668779388856025],[100.59195056138103,13.663750220999836],[100.59400241015753,13.6625133695199],[100.59621906130643,13.660787330661714],[100.59902488957273,13.659824672057162],[100.60062398058518,13.660935207981181],[100.60145996519499,13.660597624903458],[100.60058321147689,13.658403391829674],[100.60151028997585,13.658210977875989],[100.60182530412757,13.658919643102296],[100.6028679155241,13.658554735291824],[100.60308281624302,13.658895701831813],[100.60485042920068,13.658271875447356],[100.60537708645154,13.65926502731423],[100.60778131198329,13.658553448144117],[100.60715266088391,13.65666157486599],[100.61650370047579,13.653916232229346],[100.61761765124261,13.656990155655627],[100.61909946830482,13.656399732851789],[100.61864394816511,13.655001654885659],[100.63081014943435,13.65121262174709],[100.63008519715939,13.649199429262131],[100.6344130261406,13.647417411842428],[100.63965448235878,13.653890896853385],[100.64886955880856,13.652701104853808],[100.64906576013955,13.651922454540985],[100.65025261934375,13.651716839934936],[100.65042122158653,13.65378223926091],[100.64992401093347,13.657629340504988],[100.6500231870171,13.659263593676034],[100.65068553564338,13.659307770735627],[100.65083366208977,13.660420829998491],[100.65237558463603,13.664240794105577],[100.65247487730454,13.664673124625907]]]}},{"type":"Feature","properties":{"code":"100905","name":"บางจาก","parentCode":"1009"},"geometry":{"type":"Polygon","coordinates":[[[100.63405976769772,13.700741687934604],[100.63234325080502,13.704444300307724],[100.63041934408035,13.70397227645115],[100.63008207358175,13.705421862634557],[100.62402450985486,13.705040274220838],[100.62087578412168,13.705179568535774],[100.61637123245097,13.704520956121245],[100.61584394743534,13.706841777711752],[100.61399124563943,13.70630475718937],[100.61216892841416,13.706239812305311],[100.60989633257766,13.705812835411402],[100.60870956734652,13.705909818817515],[100.60644354421612,13.705343790287285],[100.6056956505378,13.706591516916866],[100.60164311352284,13.704678918178185],[100.60992704149187,13.687571851707238],[100.61042489596593,13.686015025972692],[100.61057512313862,13.684326402156167],[100.62274115839254,13.684482734581891],[100.62280519289163,13.683119686648142],[100.62465880655688,13.678340595229528],[100.64021542531528,13.677860717793562],[100.63873248074114,13.68522709434527],[100.63711328209705,13.69520662068463],[100.63412183178684,13.700609082644856],[100.63405976769772,13.700741687934604]]]}},{"type":"Feature","properties":{"code":"100910","name":"พระโขนงใต้","parentCode":"1009"},"geometry":{"type":"Polygon","coordinates":[[[100.6024898361244,13.702835112116514],[100.60164311352284,13.704678918178185],[100.59899800248866,13.703676878416417],[100.5977500585271,13.702672566056053],[100.59742212383786,13.702711969661571],[100.59555309599922,13.70163030275714],[100.59467173427254,13.701430346636293],[100.59464874728155,13.701620316573958],[100.59019332295985,13.699919137496412],[100.58939252906002,13.69941131284727],[100.5880535832188,13.698957786352333],[100.58784295491535,13.699084556102516],[100.58347923832501,13.69700075283485],[100.58696445959782,13.693194419407908],[100.58818488421252,13.691231879142752],[100.58908157055681,13.688126833872703],[100.58923792168959,13.68671572601879],[100.5890959562496,13.684244435271005],[100.58873888354886,13.683037742016431],[100.59437298917491,13.681703296113032],[100.59928464094912,13.680086401343718],[100.60032648652,13.679936176955692],[100.60440247650746,13.681028397936478],[100.60689794742869,13.682407627726956],[100.60749985541499,13.682048938882152],[100.61057512313862,13.684326402156167],[100.61042489596593,13.686015025972692],[100.60992704149187,13.687571851707238],[100.60275201411498,13.702301237046687],[100.6024898361244,13.702835112116514]]]}},{"type":"Feature","properties":{"code":"103402","name":"อ่อนนุช","parentCode":"1034"},"geometry":{"type":"Polygon","coordinates":[[[100.6509996522549,13.702962369872619],[100.65022123327834,13.704932390021304],[100.6500820336144,13.70593324408761],[100.64919825521436,13.707463320020478],[100.64969307465928,13.708900589410781],[100.6498103863734,13.711054447817133],[100.65030034584619,13.71278664048754],[100.6511044933673,13.713834297854229],[100.65073266616224,13.714620902441053],[100.65150220894262,13.717412159589664],[100.65154962111055,13.717994848431974],[100.65117536941452,13.718187165797184],[100.6378779149835,13.714781554310706],[100.63529707098823,13.714678724608163],[100.634128352925,13.715061584619963],[100.6327233619131,13.714725835998802],[100.62936648677697,13.715559433414972],[100.62808370893035,13.715158056443286],[100.62786760953949,13.714432534590465],[100.62574019265698,13.712454216974608],[100.62477688379163,13.713042361415972],[100.62431487397615,13.714735610882625],[100.62391744567924,13.714978429687156],[100.62328149435868,13.714570063365455],[100.62244357035516,13.714612980190923],[100.62203140938698,13.713265719228739],[100.62128002124827,13.712287318534091],[100.62119084637668,13.710423813620514],[100.62089356628543,13.71048486541024],[100.62010606145569,13.711408202262234],[100.6191900045585,13.711584554484027],[100.61867035257062,13.711346576541954],[100.61780463987348,13.710391594989781],[100.61649224934376,13.709945792335542],[100.61610056659572,13.7100145956324],[100.6158381033537,13.710562969189182],[100.61652638838126,13.711392237581208],[100.61574266955972,13.713117584198761],[100.61477609736664,13.713489545212724],[100.61389002691516,13.71280127864685],[100.6132850543327,13.71268394931514],[100.61270453949336,13.712910685080073],[100.61251200774657,13.713128923635713],[100.61231365009326,13.715453403036964],[100.61178066765216,13.71573142913818],[100.61118439457934,13.715605183087852],[100.60719403144734,13.715981450427691],[100.60720285650001,13.715716807115125],[100.60557958516065,13.714002030394244],[100.60249918105055,13.713417535134658],[100.60208536512441,13.712979563433983],[100.60192131425963,13.712306086708008],[100.60191551172973,13.71196151047739],[100.60262398510415,13.712052957634357],[100.6037100466973,13.709543225681205],[100.60644354421612,13.705343790287285],[100.60870956734652,13.705909818817515],[100.60989633257766,13.705812835411402],[100.61216892841416,13.706239812305311],[100.61399124563943,13.70630475718937],[100.61584394743534,13.706841777711752],[100.61637123245097,13.704520956121245],[100.62087578412168,13.705179568535774],[100.62402450985486,13.705040274220838],[100.63008207358175,13.705421862634557],[100.63041934408035,13.70397227645115],[100.63234325080502,13.704444300307724],[100.63405976769772,13.700741687934604],[100.64186378041245,13.70260287446713],[100.6460534590792,13.702604404108895],[100.64984790172602,13.703349688414772],[100.6509378537813,13.702966171992566],[100.6509996522549,13.702962369872619]]]}},{"type":"Feature","properties":{"code":"103403","name":"พัฒนาการ","parentCode":"1034"},"geometry":{"type":"Polygon","coordinates":[[[100.65897024412882,13.737723210440022],[100.65929988308308,13.73841472291647],[100.65831545473418,13.738538845205964],[100.64824475694348,13.742041087740589],[100.64749412788312,13.742629108195436],[100.64843248675133,13.743185507738426],[100.64858504330365,13.744092893690228],[100.64563210149825,13.746433340797523],[100.64320230315599,13.746728617292332],[100.64078623094763,13.747917498556147],[100.63901689796083,13.749282839353684],[100.63607379714286,13.750068431570792],[100.6219481074035,13.746483841476792],[100.62273669754136,13.742848163832674],[100.62417364161297,13.739697408170748],[100.62556604257288,13.735553673245352],[100.62754171225924,13.732114869264146],[100.62939855832522,13.727496684294795],[100.63160464238766,13.727374574370891],[100.6321932653174,13.726268160635692],[100.63324185130999,13.725175150609376],[100.63410805676153,13.723332092519167],[100.63416228224246,13.723026551914838],[100.63343651859229,13.72274442511602],[100.63315390450985,13.721918317181967],[100.63361419655858,13.721527582308884],[100.63350616806858,13.72055807537781],[100.63460635171974,13.714885001574991],[100.63508487626508,13.714707420821275],[100.6387409731991,13.714945096769997],[100.6479289582236,13.717345626285983],[100.64932793101072,13.723801341434296],[100.64976039041454,13.728793554057308],[100.6518566030418,13.729494738407713],[100.65199757223922,13.731141125296267],[100.65392312543004,13.733790170837663],[100.65537299218582,13.734197367800233],[100.65601594370285,13.734658554445673],[100.65669596346363,13.73669450576791],[100.65822782410723,13.73659608854121],[100.65892383104948,13.737615056836738],[100.65897024412882,13.737723210440022]]]}},{"type":"Feature","properties":{"code":"104401","name":"สะพานสูง","parentCode":"1044"},"geometry":{"type":"Polygon","coordinates":[[[100.6970479743881,13.760606294965363],[100.6913739780675,13.77106286371985],[100.68664985448683,13.780546983157885],[100.68509663926983,13.786759597531866],[100.66464113539753,13.775424184827822],[100.66887809993447,13.766435830441988],[100.66936854746992,13.763224878067065],[100.6696894234897,13.756396182388995],[100.67020267111272,13.755913650656332],[100.67230503178313,13.7549164308898],[100.67899752621088,13.752057040426234],[100.68016593169126,13.754791692406878],[100.68240255293942,13.753941666076168],[100.68412278156144,13.754413298552524],[100.68736496570061,13.753594343745343],[100.68977497799352,13.754498053057297],[100.69151346441068,13.754314699100703],[100.693670616479,13.754989754022565],[100.69426049443088,13.755460222141913],[100.69570870985763,13.757828477033458],[100.69693512442622,13.760468356421063],[100.6970479743881,13.760606294965363]]]}},{"type":"Feature","properties":{"code":"104402","name":"ราษฎร์พัฒนา","parentCode":"1044"},"geometry":{"type":"Polygon","coordinates":[[[100.71636463684897,13.778144311917345],[100.71556783323508,13.779995992822565],[100.71538130667905,13.781522549277492],[100.71481055381055,13.783067601092391],[100.70608361915097,13.798354903137295],[100.68509663926983,13.786759597531866],[100.68664985448683,13.780546983157885],[100.6913739780675,13.77106286371985],[100.6970479743881,13.760606294965363],[100.69764003914369,13.76182082640536],[100.69907054344526,13.76272846802615],[100.6998392549596,13.76395867311912],[100.7013092572301,13.76420959557475],[100.70223228290406,13.76472915825377],[100.70312008079686,13.764584486693023],[100.70465677758615,13.763852450401297],[100.70664903935909,13.763938510213881],[100.70753586610927,13.763450885272606],[100.7092095400016,13.763031267886014],[100.7096533880409,13.761611936182128],[100.71013410404852,13.76200749709322],[100.71123429622466,13.763729615982713],[100.71258292166792,13.765279398468554],[100.71314592505503,13.766720524607495],[100.71608394622913,13.771678054674625],[100.71635283674084,13.772647825361775],[100.71667610657632,13.776869963791178],[100.7164033764331,13.777988126874785],[100.71636463684897,13.778144311917345]]]}},{"type":"Feature","properties":{"code":"105002","name":"บางบอนเหนือ","parentCode":"1050"},"geometry":{"type":"Polygon","coordinates":[[[100.36308783321054,13.631160717597389],[100.37312931804976,13.639687816407124],[100.39511522768866,13.656994894762747],[100.40585875021331,13.663147840993],[100.40679551882724,13.676389765103316],[100.39476927383194,13.670316298337092],[100.39363083231729,13.669397245344587],[100.39204655588883,13.668808384845077],[100.39057722258615,13.66870476122411],[100.38841763278877,13.668042263861965],[100.38743848395906,13.670444442863813],[100.38637140886564,13.670955516246535],[100.38324068930497,13.671704106973774],[100.37929223889485,13.66974975858103],[100.3608153069678,13.661733972799377],[100.36055974225818,13.661298065604923],[100.35929530599255,13.661250757711352],[100.35709807864079,13.661661677726144],[100.35666507325219,13.660708066979277],[100.35662185295463,13.659919564200361],[100.35117061516883,13.657488171509835],[100.35135327981045,13.656591085709822],[100.34958121985802,13.655157717360755],[100.34868012876056,13.654788585391866],[100.34799670642505,13.654800208087494],[100.34730573916359,13.655416422665356],[100.34533755168302,13.654745707562356],[100.339480339376,13.654970621732666],[100.33874912983354,13.652246730926983],[100.33834911286515,13.642881126181388],[100.34093454822708,13.639007077120363],[100.34192649411641,13.639109071838343],[100.34206642588879,13.639335446935608],[100.34541463142052,13.639695888462915],[100.34780974329932,13.64038689833974],[100.35210361195621,13.640224573574585],[100.35203010238278,13.640910884406628],[100.35439350913431,13.640900269563302],[100.35417706538001,13.642050660819567],[100.3546800543213,13.642216288573007],[100.35489379670273,13.64180832264038],[100.35617888138076,13.642252179212152],[100.35850218159108,13.63674090398222],[100.35865507325283,13.63428005781922],[100.35999316409199,13.634402688493756],[100.36015653009318,13.633371234939405],[100.36117435445051,13.633355491786883],[100.36122823674201,13.632878337511732],[100.36163925451692,13.632925805659395],[100.36173561567053,13.631493568643231],[100.36247538927344,13.631549404958827],[100.36305972224807,13.63118348979686],[100.36308783321054,13.631160717597389]]]}},{"type":"Feature","properties":{"code":"101406","name":"พญาไท","parentCode":"1014"},"geometry":{"type":"Polygon","coordinates":[[[100.5505793648697,13.796176025092517],[100.5490367037969,13.796566824492484],[100.53743071552563,13.79785321083777],[100.52789647759163,13.774358519405704],[100.53269385455211,13.77097173157731],[100.53714935680257,13.767475136246611],[100.53749327524312,13.766946451233023],[100.5389523778259,13.766029803852483],[100.54127509534098,13.770392759402794],[100.55055926106661,13.796121083347066],[100.5505793648697,13.796176025092517]]]}},{"type":"Feature","properties":{"code":"102602","name":"รัชดาภิเษก","parentCode":"1026"},"geometry":{"type":"Polygon","coordinates":[[[100.57431500735403,13.78973535536564],[100.57490435986908,13.801074535432218],[100.57373341548873,13.80033066119569],[100.57272666932276,13.800107738984275],[100.57202837528628,13.799677199521536],[100.56749368950146,13.79927680683041],[100.56718801128305,13.798514949327812],[100.56698370788402,13.795013584621236],[100.56645604265202,13.794681370139887],[100.56144128884698,13.795005916095425],[100.56196224808325,13.790245746684489],[100.56169839440082,13.788466707221186],[100.55787187377732,13.780981674720996],[100.5533957601997,13.773034719899583],[100.55788977462325,13.77050966005473],[100.55991690977659,13.770003624535095],[100.5604252256941,13.773934521566527],[100.56210945673737,13.775051617212968],[100.56296388272025,13.775554882457484],[100.56781872423093,13.775177789466467],[100.56803373850754,13.778369782438398],[100.57202658455657,13.778103076640045],[100.57378431985435,13.778473065055868],[100.5742988639317,13.789137746862464],[100.57431500735403,13.78973535536564]]]}}]}