{"type":"FeatureCollection","features":[{"type":"Feature","properties":{"code":"302002","name":"บ้านหัน","parentCode":"3020"},"geometry":{"type":"Polygon","coordinates":[[[101.77168196000008,14.941203960000053],[101.76945747500008,15.010791178000034],[101.72333203700003,15.009332439000048],[101.74022722700005,14.979135067000072],[101.68323006300005,14.988322828000037],[101.68059833400008,14.974202859000059],[101.77168196000008,14.941203960000053]]]}},{"type":"Feature","properties":{"code":"300806","name":"บ้านเก่า","parentCode":"3008"},"geometry":{"type":"Polygon","coordinates":[[[101.63422103400006,15.239466624000045],[101.59169575700008,15.248986726000055],[101.60054002100009,15.215332895000074],[101.63932545700004,15.186794510000027],[101.68627611700003,15.168902045000038],[101.73286505900006,15.17891032500006],[101.75497440800007,15.224930304000054],[101.63422103400006,15.239466624000045]]]}},{"type":"Feature","properties":{"code":"300112","name":"บ้านเกาะ","parentCode":"3001"},"geometry":{"type":"Polygon","coordinates":[[[102.14741733100004,15.022665807000067],[102.11790453700007,15.01900942900005],[102.11419516700005,14.99730777700006],[102.13770933000006,15.002726765000034],[102.14741733100004,15.022665807000067]]]}},{"type":"Feature","properties":{"code":"300501","name":"บ้านเหลื่อม","parentCode":"3005"},"geometry":{"type":"Polygon","coordinates":[[[102.07076472600005,15.601644272000044],[102.06133769800005,15.583928572000048],[102.07462755300008,15.586111998000035],[102.12123284700004,15.60061709200005],[102.16039508100005,15.630090431000042],[102.12131454100006,15.64615154300003],[102.07335415600005,15.620297452000045],[102.07076472600005,15.601644272000044]]]}},{"type":"Feature","properties":{"code":"300113","name":"บ้านใหม่","parentCode":"3001"},"geometry":{"type":"Polygon","coordinates":[[[102.04794917700008,14.968717061000063],[102.03878152700008,14.97945928200005],[101.99430707300007,14.964105801000073],[101.99417513800006,14.959650707000037],[102.00592866300008,14.943781350000052],[102.02900521800007,14.953612922000048],[102.04794917700008,14.968717061000063]]]}},{"type":"Feature","properties":{"code":"300208","name":"บ้านใหม่","parentCode":"3002"},"geometry":{"type":"Polygon","coordinates":[[[102.28785900800005,14.528312196000059],[102.21834633100008,14.52608407100007],[102.22382993200006,14.48257888300003],[102.14569181400009,14.423200597000061],[102.16938227800006,14.391100822000055],[102.25487765700007,14.428647870000077],[102.24977589100007,14.458881263000023],[102.25676287100003,14.50608678900005],[102.28785900800005,14.528312196000059]]]}},{"type":"Feature","properties":{"code":"302209","name":"บ้านใหม่","parentCode":"3022"},"geometry":{"type":"Polygon","coordinates":[[[102.41742565100009,14.725291949000052],[102.41826034200005,14.774111274000063],[102.39092879500004,14.777334659000076],[102.37653030700005,14.78065704900007],[102.37271593800006,14.739646478000054],[102.41742565100009,14.725291949000052]]]}},{"type":"Feature","properties":{"code":"300115","name":"บ้านโพธิ์","parentCode":"3001"},"geometry":{"type":"Polygon","coordinates":[[[102.21678307500008,15.018333377000033],[102.21073710600007,15.120010515000047],[102.17089685700006,15.070896524000034],[102.17080668800008,14.996052883000061],[102.21644199800005,15.010922031000064],[102.21678307500008,15.018333377000033]]]}},{"type":"Feature","properties":{"code":"300807","name":"บ้านแปรง","parentCode":"3008"},"geometry":{"type":"Polygon","coordinates":[[[101.83854254500005,15.414719767000065],[101.80226731700009,15.420457437000039],[101.78467074500008,15.38826823200003],[101.77100348700009,15.353646294000043],[101.79660787900008,15.333363184000063],[101.82645502300005,15.320973413000047],[101.83854254500005,15.414719767000065]]]}},{"type":"Feature","properties":{"code":"300405","name":"บ้านปรางค์","parentCode":"3004"},"geometry":{"type":"Polygon","coordinates":[[[102.11441720500005,15.542186550000054],[102.03306332200003,15.501768955000045],[102.02397729300009,15.470350153000027],[102.00999897700007,15.458219990000032],[102.01558912900003,15.448778994000065],[102.04402137200003,15.41502065000003],[102.12990388200006,15.448161846000062],[102.11759983400003,15.525837792000061],[102.14164652400007,15.536420586000077],[102.13183026700005,15.541165792000072],[102.11441720500005,15.542186550000054]]]}},{"type":"Feature","properties":{"code":"300306","name":"บ้านราษฎร์","parentCode":"3003"},"geometry":{"type":"Polygon","coordinates":[[[102.57790264400006,14.226730879000058],[102.54835399100006,14.263818125000057],[102.50288217900004,14.272722887000043],[102.49911702000009,14.328182466000044],[102.45427354200007,14.350135566000063],[102.42078591000006,14.293246381000074],[102.43070554900004,14.233079091000036],[102.39779917000004,14.205348057000037],[102.40715875700005,14.15529596600004],[102.43452948800007,14.154589859000055],[102.45318001000004,14.193729372000064],[102.50220175400005,14.186937044000047],[102.57790264400006,14.226730879000058]]]}},{"type":"Feature","properties":{"code":"300906","name":"บ้านวัง","parentCode":"3009"},"geometry":{"type":"Polygon","coordinates":[[[101.95395098400007,15.178060272000039],[101.87779258100005,15.186702656000023],[101.88013393100005,15.17379634100007],[101.88488804400004,15.160616683000057],[101.88883892000007,15.110604496000065],[101.90713829400005,15.105997912000078],[101.95395098400007,15.178060272000039]]]}},{"type":"Feature","properties":{"code":"302902","name":"บ้านยาง","parentCode":"3029"},"geometry":{"type":"Polygon","coordinates":[[[102.95214402100004,15.313304778000031],[102.92351006600006,15.31580297000005],[102.91103772100007,15.229533911000033],[102.87430749900005,15.224282519000042],[102.86029018700003,15.205147284000077],[102.86820616500006,15.16592947600003],[102.94732344400006,15.188913748000061],[102.97447043200003,15.206800806000047],[102.95989934500005,15.279468765000047],[102.95214402100004,15.313304778000031]]]}},{"type":"Feature","properties":{"code":"300907","name":"บัลลังก์","parentCode":"3009"},"geometry":{"type":"Polygon","coordinates":[[[101.97921560600008,15.220947238000065],[101.94398410100007,15.24729788600007],[101.94681966800005,15.285120003000031],[101.92350707300005,15.305507056000067],[101.90048567900004,15.236927958000024],[101.87255130800008,15.20832009000003],[101.87779258100005,15.186702656000023],[101.95395098400007,15.178060272000039],[101.97852489000007,15.21566329500007],[101.97921560600008,15.220947238000065]]]}},{"type":"Feature","properties":{"code":"301004","name":"บิง","parentCode":"3010"},"geometry":{"type":"Polygon","coordinates":[[[102.28737505100008,15.132377370000029],[102.29894026100004,15.117085932000066],[102.31260526400007,15.090725084000042],[102.34469673500007,15.087870427000041],[102.36354704900003,15.085773606000032],[102.37883908500004,15.13382933500003],[102.37021721000008,15.153816103000054],[102.31089186300005,15.136532385000066],[102.28737505100008,15.132377370000029]]]}},{"type":"Feature","properties":{"code":"301420","name":"บ่อปลาทอง","parentCode":"3014"},"geometry":{"type":"Polygon","coordinates":[[[101.90973720500006,14.670205360000068],[101.85479851300005,14.620613233000029],[101.93326608400008,14.598724004000076],[101.94949877700009,14.607826700000032],[101.93293631700004,14.635827950000078],[101.90973720500006,14.670205360000068]]]}},{"type":"Feature","properties":{"code":"301503","name":"โบสถ์","parentCode":"3015"},"geometry":{"type":"Polygon","coordinates":[[[102.69579975400006,15.307471855000074],[102.62542074600003,15.299194380000074],[102.59784152900005,15.287250804000053],[102.56576378300008,15.249630582000066],[102.60939733400005,15.152787343000057],[102.67135174100008,15.16630519000006],[102.66874129000007,15.189614471000027],[102.66193978000007,15.257663132000062],[102.69579975400006,15.307471855000074]]]}},{"type":"Feature","properties":{"code":"303003","name":"บัวลาย","parentCode":"3030"},"geometry":{"type":"Polygon","coordinates":[[[102.55541717700004,15.70435370000007],[102.53068878000005,15.71138309500003],[102.48025486300008,15.675044767000031],[102.44334027200006,15.673006741000052],[102.44267151200006,15.666245374000027],[102.47048056300008,15.612676456000031],[102.50637652200004,15.610728993000066],[102.51416772300007,15.623143628000037],[102.49632156300004,15.651083291000077],[102.54232242200004,15.67861823800007],[102.55541717700004,15.70435370000007]]]}},{"type":"Feature","properties":{"code":"301201","name":"บัวใหญ่","parentCode":"3012"},"geometry":{"type":"Polygon","coordinates":[[[102.47048056300008,15.612676456000031],[102.44267151200006,15.666245374000027],[102.42060078000009,15.645535830000028],[102.40808294500005,15.576734225000052],[102.41225603300006,15.551741285000048],[102.41255617300004,15.550992482000026],[102.44003792900008,15.554282392000061],[102.47048056300008,15.612676456000031]]]}},{"type":"Feature","properties":{"code":"301905","name":"บึงอ้อ","parentCode":"3019"},"geometry":{"type":"Polygon","coordinates":[[[101.90975086700007,15.062444382000024],[101.87096544100007,15.056813711000075],[101.89049216600006,15.013237670000024],[101.92887754900005,15.003137999000046],[101.97464015700007,15.007155411000042],[101.98092137000003,15.016641014000072],[101.99245077200004,15.036525328000039],[101.99238433200009,15.039389595000046],[101.90975086700007,15.062444382000024]]]}},{"type":"Feature","properties":{"code":"302303","name":"บึงพะไล","parentCode":"3023"},"geometry":{"type":"Polygon","coordinates":[[[102.29618135800007,15.656608819000041],[102.24062145800008,15.714627398000061],[102.19370831600008,15.684606870000039],[102.16685483200007,15.659693090000076],[102.19348377000006,15.615138840000043],[102.23307480800008,15.607280117000073],[102.24646325800006,15.613700977000065],[102.29618135800007,15.656608819000041]]]}},{"type":"Feature","properties":{"code":"302603","name":"บึงปรือ","parentCode":"3026"},"geometry":{"type":"Polygon","coordinates":[[[101.46073486600005,15.350565231000076],[101.38202449100004,15.33140254600005],[101.38115872600008,15.287089471000058],[101.49114015500004,15.276586802000054],[101.49093033400004,15.31811417800003],[101.46073486600005,15.350565231000076]]]}},{"type":"Feature","properties":{"code":"302305","name":"บึงสำโรง","parentCode":"3023"},"geometry":{"type":"Polygon","coordinates":[[[102.23230387400008,15.743375140000069],[102.20544047900006,15.75722275000004],[102.15573120400006,15.740567869000074],[102.15309470700004,15.71701590400005],[102.19370831600008,15.684606870000039],[102.24062145800008,15.714627398000061],[102.23230387400008,15.743375140000069]]]}},{"type":"Feature","properties":{"code":"301804","name":"บุ่งขี้เหล็ก","parentCode":"3018"},"geometry":{"type":"Polygon","coordinates":[[[101.83608466200008,14.99415537300007],[101.80783853000008,14.982951984000067],[101.81946583400008,14.922514526000043],[101.82854010300008,14.918107464000059],[101.87507985300005,14.923580704000074],[101.87651275100006,14.923302902000046],[101.88138753600003,14.928330868000046],[101.83608466200008,14.99415537300007]]]}},{"type":"Feature","properties":{"code":"300201","name":"แชะ","parentCode":"3002"},"geometry":{"type":"Polygon","coordinates":[[[102.27010664500006,14.61342772100005],[102.23531101400005,14.608607899000049],[102.21834633100008,14.52608407100007],[102.28785900800005,14.528312196000059],[102.31104349100008,14.525139367000065],[102.33400466800003,14.600623514000063],[102.27010664500006,14.61342772100005]]]}},{"type":"Feature","properties":{"code":"300118","name":"ไชยมงคล","parentCode":"3001"},"geometry":{"type":"Polygon","coordinates":[[[102.07245714700008,14.87079056600004],[102.03814562900004,14.874268209000036],[102.03384524800003,14.843416803000025],[102.08746657100005,14.799909409000065],[102.10650982700008,14.791351520000035],[102.10386992200006,14.836313671000028],[102.13565271100003,14.859656876000031],[102.07245714700008,14.87079056600004]]]}},{"type":"Feature","properties":{"code":"300601","name":"จักราช","parentCode":"3006"},"geometry":{"type":"Polygon","coordinates":[[[102.49083049000006,15.060941791000062],[102.48406908000004,15.08130950900005],[102.45048548700004,15.067849650000028],[102.38858745100003,15.059779616000071],[102.37198709500007,15.014984201000061],[102.39500210200003,14.983922883000048],[102.45061334900004,14.996204915000021],[102.46255399900008,14.990251195000042],[102.49083049000006,15.060941791000062]]]}},{"type":"Feature","properties":{"code":"300202","name":"เฉลียง","parentCode":"3002"},"geometry":{"type":"Polygon","coordinates":[[[102.31104349100008,14.525139367000065],[102.28785900800005,14.528312196000059],[102.25676287100003,14.50608678900005],[102.24977589100007,14.458881263000023],[102.30480800600009,14.470204761000048],[102.31219511300009,14.493536884000036],[102.31104349100008,14.525139367000065]]]}},{"type":"Feature","properties":{"code":"301010","name":"จันอัด","parentCode":"3010"},"geometry":{"type":"Polygon","coordinates":[[[102.19115729100008,15.167877075000035],[102.13559939900006,15.186613837000039],[102.12063533400004,15.137781850000067],[102.13607338400004,15.12407390800007],[102.18226917100009,15.139949826000077],[102.19115729100008,15.167877075000035]]]}},{"type":"Feature","properties":{"code":"302103","name":"จันทึก","parentCode":"3021"},"geometry":{"type":"Polygon","coordinates":[[[101.48066148000004,14.862057391000064],[101.44856781000004,14.902157604000024],[101.45015668300005,14.857215820000022],[101.36809988300007,14.80556914500005],[101.40845731500008,14.769519675000026],[101.40272037400007,14.736944315000073],[101.46956251300008,14.731765256000074],[101.55597757800007,14.847729467000022],[101.51357013500007,14.832535008000036],[101.48066148000004,14.862057391000064]]]}},{"type":"Feature","properties":{"code":"303201","name":"ช้างทอง","parentCode":"3032"},"geometry":{"type":"Polygon","coordinates":[[[102.31821284300008,15.060269223000034],[102.27934811900008,15.030809859000044],[102.29094059300007,15.002019801000074],[102.33691097600007,15.011227335000058],[102.31821284300008,15.060269223000034]]]}},{"type":"Feature","properties":{"code":"301507","name":"ชีวาน","parentCode":"3015"},"geometry":{"type":"Polygon","coordinates":[[[102.55995920300006,15.345976865000068],[102.55164765000006,15.393056685000033],[102.52772232900008,15.37213117400006],[102.48035815200006,15.337122610000051],[102.49038694100005,15.267678939000064],[102.51826490100007,15.26389619500003],[102.55944462000008,15.333708413000068],[102.55995920300006,15.345976865000068]]]}},{"type":"Feature","properties":{"code":"301104","name":"ชีวึก","parentCode":"3011"},"geometry":{"type":"Polygon","coordinates":[[[102.12318921100007,15.387547545000075],[102.07072131600006,15.376897858000063],[102.06112191000005,15.35474382700005],[102.11061793400006,15.311642902000074],[102.13706052800006,15.30871503700007],[102.12318921100007,15.387547545000075]]]}},{"type":"Feature","properties":{"code":"300116","name":"จอหอ","parentCode":"3001"},"geometry":{"type":"Polygon","coordinates":[[[102.17089685700006,15.070896524000034],[102.14172165200006,15.076283490000037],[102.09405017700004,15.051108085000067],[102.07901761800008,15.045997998000075],[102.08483637000006,15.03284360400005],[102.11790453700007,15.01900942900005],[102.14741733100004,15.022665807000067],[102.17089685700006,15.070896524000034]]]}},{"type":"Feature","properties":{"code":"300504","name":"ช่อระกา","parentCode":"3005"},"geometry":{"type":"Polygon","coordinates":[[[102.11441720500005,15.542186550000054],[102.07462755300008,15.586111998000035],[102.06133769800005,15.583928572000048],[102.03306332200003,15.501768955000045],[102.11441720500005,15.542186550000054]]]}},{"type":"Feature","properties":{"code":"300708","name":"โชคชัย","parentCode":"3007"},"geometry":{"type":"Polygon","coordinates":[[[102.19970019800007,14.783970915000054],[102.14176206700006,14.804311548000044],[102.16382967000004,14.712108342000022],[102.16793933500009,14.714760459000047],[102.21179087900003,14.744827778000058],[102.19970019800007,14.783970915000054]]]}},{"type":"Feature","properties":{"code":"302903","name":"ช่องแมว","parentCode":"3029"},"geometry":{"type":"Polygon","coordinates":[[[102.92351006600006,15.31580297000005],[102.87981375900006,15.334974629000044],[102.84641061400004,15.318596033000063],[102.83626787900005,15.288790426000048],[102.82522299500005,15.263860006000073],[102.87430749900005,15.224282519000042],[102.91103772100007,15.229533911000033],[102.92351006600006,15.31580297000005]]]}},{"type":"Feature","properties":{"code":"300205","name":"จระเข้หิน","parentCode":"3002"},"geometry":{"type":"Polygon","coordinates":[[[102.21834633100008,14.52608407100007],[102.16831425200007,14.558131742000057],[102.10097823100006,14.472790876000033],[102.04036569100003,14.478830564000077],[102.05990725900006,14.432851824000068],[102.06602455000007,14.348795825000025],[102.00289152700009,14.284027711000022],[102.01951771400007,14.248988323000049],[101.96655498700005,14.227819210000064],[101.99641528500007,14.211314341000048],[102.03179876800004,14.198877711000023],[102.05846954600008,14.17697755200004],[102.11122794900007,14.28559573800004],[102.15363793000006,14.306780709000066],[102.16938227800006,14.391100822000055],[102.14569181400009,14.423200597000061],[102.22382993200006,14.48257888300003],[102.21834633100008,14.52608407100007]]]}},{"type":"Feature","properties":{"code":"301701","name":"ชุมพวง","parentCode":"3017"},"geometry":{"type":"Polygon","coordinates":[[[102.77794580200003,15.384815436000054],[102.70544153400004,15.380116368000074],[102.71510523500007,15.335717565000039],[102.75161378400009,15.305052285000045],[102.76437284300005,15.315143058000046],[102.79219005400006,15.315281320000054],[102.77794580200003,15.384815436000054]]]}},{"type":"Feature","properties":{"code":"300902","name":"ด่านจาก","parentCode":"3009"},"geometry":{"type":"Polygon","coordinates":[[[102.16072519900007,15.212138752000044],[102.10881671100009,15.22069190700006],[102.07459854500007,15.170493279000027],[102.09257471500007,15.129076975000032],[102.12063533400004,15.137781850000067],[102.13559939900006,15.186613837000039],[102.16072519900007,15.212138752000044]]]}},{"type":"Feature","properties":{"code":"301215","name":"ด่านช้าง","parentCode":"3012"},"geometry":{"type":"Polygon","coordinates":[[[102.44334027200006,15.673006741000052],[102.42304865600005,15.678341019000072],[102.37793734500008,15.63974939600007],[102.40082000100006,15.590669372000036],[102.40808294500005,15.576734225000052],[102.42060078000009,15.645535830000028],[102.44267151200006,15.666245374000027],[102.44334027200006,15.673006741000052]]]}},{"type":"Feature","properties":{"code":"301012","name":"ด่านคล้า","parentCode":"3010"},"geometry":{"type":"Polygon","coordinates":[[[102.23630771500007,15.17891077400003],[102.19115729100008,15.167877075000035],[102.18226917100009,15.139949826000077],[102.21073710600007,15.120010515000047],[102.24169854800004,15.162351820000026],[102.23630771500007,15.17891077400003]]]}},{"type":"Feature","properties":{"code":"300802","name":"ด่านขุนทด","parentCode":"3008"},"geometry":{"type":"Polygon","coordinates":[[[101.82642686200006,15.227121128000022],[101.76213535800008,15.225087256000052],[101.75497440800007,15.224930304000054],[101.73286505900006,15.17891032500006],[101.75800819500006,15.112752339000053],[101.79040115900006,15.192436813000029],[101.83444032900007,15.207179336000024],[101.82642686200006,15.227121128000022]]]}},{"type":"Feature","properties":{"code":"300710","name":"ด่านเกวียน","parentCode":"3007"},"geometry":{"type":"Polygon","coordinates":[[[102.21441077200006,14.856130115000042],[102.20873387500006,14.901675928000031],[102.18778850700005,14.894740436000063],[102.14295008900007,14.858125757000039],[102.13565271100003,14.859656876000031],[102.21523651900009,14.83628335900005],[102.21441077200006,14.856130115000042]]]}},{"type":"Feature","properties":{"code":"300804","name":"ด่านใน","parentCode":"3008"},"geometry":{"type":"Polygon","coordinates":[[[101.88883892000007,15.110604496000065],[101.88488804400004,15.160616683000057],[101.80777361700007,15.09423868500005],[101.80651293300008,15.06833068900005],[101.81937831900007,15.074451100000033],[101.83553933500008,15.073972130000072],[101.88883892000007,15.110604496000065]]]}},{"type":"Feature","properties":{"code":"300803","name":"ด่านนอก","parentCode":"3008"},"geometry":{"type":"Polygon","coordinates":[[[101.88013393100005,15.17379634100007],[101.83069212600009,15.15397230700006],[101.80777361700007,15.09423868500005],[101.88488804400004,15.160616683000057],[101.88013393100005,15.17379634100007]]]}},{"type":"Feature","properties":{"code":"301407","name":"ดอน","parentCode":"3014"},"geometry":{"type":"Polygon","coordinates":[[[102.11399611300004,14.713096732000054],[102.06278967100008,14.707640712000057],[102.05869545400009,14.701516747000028],[102.06353190400006,14.69488909000006],[102.08150945100004,14.681067237000036],[102.12125421300004,14.636024809000048],[102.13110154300006,14.639915644000041],[102.13498905700004,14.694849458000022],[102.11399611300004,14.713096732000054]]]}},{"type":"Feature","properties":{"code":"301005","name":"ดอนชมพู","parentCode":"3010"},"geometry":{"type":"Polygon","coordinates":[[[102.37053959400004,15.199483508000071],[102.29976932100004,15.178772956000046],[102.31089186300005,15.136532385000066],[102.37021721000008,15.153816103000054],[102.37760382000005,15.185989497000037],[102.37053959400004,15.199483508000071]]]}},{"type":"Feature","properties":{"code":"301310","name":"ดอนมัน","parentCode":"3013"},"geometry":{"type":"Polygon","coordinates":[[[102.83348137400009,15.510829536000074],[102.81661755900006,15.512488240000039],[102.77615135600007,15.488355001000059],[102.76949835200008,15.432251026000074],[102.83384669400004,15.491742316000057],[102.83348137400009,15.510829536000074]]]}},{"type":"Feature","properties":{"code":"302011","name":"ดอนเมือง","parentCode":"3020"},"geometry":{"type":"Polygon","coordinates":[[[101.51182963100007,14.984109363000073],[101.48752416000008,15.065916084000037],[101.43844183200008,15.071126837000065],[101.42933410900008,15.100705424000068],[101.39967676900005,15.101791934000062],[101.40022633700005,15.073792757000035],[101.43098711900006,14.97027304200003],[101.46905433800003,14.952467544000058],[101.51182963100007,14.984109363000073]]]}},{"type":"Feature","properties":{"code":"301206","name":"ดอนตะหนิน","parentCode":"3012"},"geometry":{"type":"Polygon","coordinates":[[[102.52055600300008,15.465440113000056],[102.47344258800007,15.488333759000056],[102.46338680000008,15.526371079000057],[102.44252676600007,15.468619756000066],[102.47012539300005,15.458754339000052],[102.50862423100006,15.469423370000072],[102.52055600300008,15.465440113000056]]]}},{"type":"Feature","properties":{"code":"301015","name":"ดอนหวาย","parentCode":"3010"},"geometry":{"type":"Polygon","coordinates":[[[102.28737505100008,15.132377370000029],[102.25131021900006,15.094650982000076],[102.29894026100004,15.117085932000066],[102.28737505100008,15.132377370000029]]]}},{"type":"Feature","properties":{"code":"300409","name":"ดอนใหญ่","parentCode":"3004"},"geometry":{"type":"Polygon","coordinates":[[[102.36870692200006,15.408609757000022],[102.30336207800008,15.429850217000023],[102.29446786600005,15.405168527000058],[102.29624979100004,15.40168813200006],[102.29091992200006,15.371092875000045],[102.31176384700007,15.384125521000044],[102.35236147800003,15.374492003000057],[102.37859091600006,15.39536653700003],[102.36870692200006,15.408609757000022]]]}},{"type":"Feature","properties":{"code":"302405","name":"ดอนยาวใหญ่","parentCode":"3024"},"geometry":{"type":"Polygon","coordinates":[[[102.52055600300008,15.465440113000056],[102.50862423100006,15.469423370000072],[102.47482399000006,15.404416062000053],[102.50045220800007,15.395509810000021],[102.53221444800005,15.444933969000033],[102.52436025500003,15.46286912000005],[102.52055600300008,15.465440113000056]]]}},{"type":"Feature","properties":{"code":"301510","name":"ดงใหญ่","parentCode":"3015"},"geometry":{"type":"Polygon","coordinates":[[[102.69005306400004,15.411017661000074],[102.63853979700008,15.403130342000054],[102.55995920300006,15.345976865000068],[102.55944462000008,15.333708413000068],[102.59784152900005,15.287250804000053],[102.62542074600003,15.299194380000074],[102.63297546600006,15.359373821000077],[102.68944002600006,15.380083533000061],[102.69005306400004,15.411017661000074]]]}},{"type":"Feature","properties":{"code":"301309","name":"หันห้วยทราย","parentCode":"3013"},"geometry":{"type":"Polygon","coordinates":[[[102.68966099500005,15.645814449000056],[102.65689865700006,15.636934989000054],[102.61731840100003,15.639766786000052],[102.61895243100008,15.607221707000065],[102.67081498500005,15.563059088000045],[102.69655903000006,15.604194671000073],[102.68966099500005,15.645814449000056]]]}},{"type":"Feature","properties":{"code":"300813","name":"หินดาด","parentCode":"3008"},"geometry":{"type":"Polygon","coordinates":[[[101.60054002100009,15.215332895000074],[101.55128088000004,15.20274052800005],[101.55345600800007,15.127301980000027],[101.57805615400008,15.097169248000057],[101.63150243500007,15.097982667000053],[101.68510230400005,15.070763818000046],[101.63932545700004,15.186794510000027],[101.60054002100009,15.215332895000074]]]}},{"type":"Feature","properties":{"code":"301605","name":"หินดาด","parentCode":"3016"},"geometry":{"type":"Polygon","coordinates":[[[102.59271583700007,15.036570953000023],[102.50988348300007,15.031553032000033],[102.53764912700007,14.963438161000056],[102.54578762600005,14.946877288000053],[102.62174399300005,14.936029464000057],[102.60062670900004,15.001950673000067],[102.59841409200004,15.030236499000068],[102.59271583700007,15.036570953000023]]]}},{"type":"Feature","properties":{"code":"300613","name":"หินโคน","parentCode":"3006"},"geometry":{"type":"Polygon","coordinates":[[[102.49083049000006,15.060941791000062],[102.46255399900008,14.990251195000042],[102.48920939200008,14.963514021000037],[102.53764912700007,14.963438161000056],[102.50988348300007,15.031553032000033],[102.49083049000006,15.060941791000062]]]}},{"type":"Feature","properties":{"code":"300111","name":"หัวทะเล","parentCode":"3001"},"geometry":{"type":"Polygon","coordinates":[[[102.15569307100009,14.991731855000069],[102.12817898800006,14.983171665000043],[102.10972582100004,14.957486795000023],[102.12213563600005,14.944783847000053],[102.15802772200004,14.949572772000067],[102.15926825400004,14.949623692000046],[102.15569307100009,14.991731855000069]]]}},{"type":"Feature","properties":{"code":"300815","name":"ห้วยบง","parentCode":"3008"},"geometry":{"type":"Polygon","coordinates":[[[101.55128088000004,15.20274052800005],[101.49695696100008,15.201857183000072],[101.47870069000004,15.232641473000058],[101.38758359600007,15.228467852000051],[101.40014445000008,15.157556767000074],[101.39967676900005,15.101791934000062],[101.42933410900008,15.100705424000068],[101.49494198600007,15.111628434000068],[101.57805615400008,15.097169248000057],[101.55345600800007,15.127301980000027],[101.55128088000004,15.20274052800005]]]}},{"type":"Feature","properties":{"code":"301610","name":"ห้วยแคน","parentCode":"3016"},"geometry":{"type":"Polygon","coordinates":[[[102.70973903200007,14.95793008000004],[102.73687164700004,15.001079278000077],[102.67750949300006,14.999018554000031],[102.70973903200007,14.95793008000004]]]}},{"type":"Feature","properties":{"code":"301601","name":"ห้วยแถลง","parentCode":"3016"},"geometry":{"type":"Polygon","coordinates":[[[102.67750949300006,14.999018554000031],[102.60062670900004,15.001950673000067],[102.62174399300005,14.936029464000057],[102.67432803300005,14.934594223000033],[102.69661253900006,14.933720228000027],[102.70973903200007,14.95793008000004],[102.67750949300006,14.999018554000031]]]}},{"type":"Feature","properties":{"code":"301203","name":"ห้วยยาง","parentCode":"3012"},"geometry":{"type":"Polygon","coordinates":[[[102.37793734500008,15.63974939600007],[102.30950251100006,15.669565801000033],[102.29618135800007,15.656608819000041],[102.24646325800006,15.613700977000065],[102.36529177700004,15.607250532000023],[102.40082000100006,15.590669372000036],[102.37793734500008,15.63974939600007]]]}},{"type":"Feature","properties":{"code":"302301","name":"แก้งสนามนาง","parentCode":"3023"},"geometry":{"type":"Polygon","coordinates":[[[102.28354584400006,15.782879411000067],[102.25253649500007,15.77028069000005],[102.23230387400008,15.743375140000069],[102.24062145800008,15.714627398000061],[102.29618135800007,15.656608819000041],[102.30950251100006,15.669565801000033],[102.32905503500007,15.693729481000048],[102.29142070100005,15.724843435000025],[102.28354584400006,15.782879411000067]]]}},{"type":"Feature","properties":{"code":"300903","name":"กำปัง","parentCode":"3009"},"geometry":{"type":"Polygon","coordinates":[[[102.09257471500007,15.129076975000032],[102.07459854500007,15.170493279000027],[102.05294400900004,15.166628333000062],[102.03186499600008,15.093524949000027],[102.04471380600006,15.073197815000071],[102.08120080100008,15.076524562000031],[102.09257471500007,15.129076975000032]]]}},{"type":"Feature","properties":{"code":"301419","name":"เกษมทรัพย์","parentCode":"3014"},"geometry":{"type":"Polygon","coordinates":[[[102.08150945100004,14.681067237000036],[102.06353190400006,14.69488909000006],[102.03573524100005,14.66097676000004],[102.04325350400006,14.648520588000054],[102.08150945100004,14.681067237000036]]]}},{"type":"Feature","properties":{"code":"301101","name":"ขามสะแกแสง","parentCode":"3011"},"geometry":{"type":"Polygon","coordinates":[[[102.18771010100005,15.404431301000045],[102.17783675700008,15.410652102000029],[102.13590705200005,15.388023580000038],[102.16977221600007,15.316511008000077],[102.15885422000008,15.279384082000036],[102.18429352400005,15.280233622000026],[102.19187075200006,15.321915906000072],[102.25548987300004,15.348519647000046],[102.18771010100005,15.404431301000045]]]}},{"type":"Feature","properties":{"code":"300410","name":"ขามสมบูรณ์","parentCode":"3004"},"geometry":{"type":"Polygon","coordinates":[[[102.40909362300005,15.341024176000076],[102.44897837600007,15.385076898000023],[102.40309195500004,15.400473585000043],[102.37859091600006,15.39536653700003],[102.35236147800003,15.374492003000057],[102.36714713900005,15.35096268500007],[102.40909362300005,15.341024176000076]]]}},{"type":"Feature","properties":{"code":"301901","name":"ขามทะเลสอ","parentCode":"3019"},"geometry":{"type":"Polygon","coordinates":[[[101.97464015700007,15.007155411000042],[101.92887754900005,15.003137999000046],[101.94540398500004,14.935666621000053],[101.99417513800006,14.959650707000037],[101.99430707300007,14.964105801000073],[101.97464015700007,15.007155411000042]]]}},{"type":"Feature","properties":{"code":"301011","name":"ขามเฒ่า","parentCode":"3010"},"geometry":{"type":"Polygon","coordinates":[[[102.23495679300004,15.272893938000038],[102.25548987300004,15.348519647000046],[102.19187075200006,15.321915906000072],[102.18429352400005,15.280233622000026],[102.23495679300004,15.272893938000038]]]}},{"type":"Feature","properties":{"code":"300905","name":"ค้างพลู","parentCode":"3009"},"geometry":{"type":"Polygon","coordinates":[[[102.01371559600005,15.208993365000026],[101.97852489000007,15.21566329500007],[101.95395098400007,15.178060272000039],[101.90713829400005,15.105997912000078],[101.95829526600005,15.093342238000048],[101.98066662500008,15.089998559000037],[102.00014493400005,15.109545713000045],[101.98982711800005,15.170185831000026],[102.02148422700009,15.178913843000032],[102.01371559600005,15.208993365000026]]]}},{"type":"Feature","properties":{"code":"302107","name":"ขนงพระ","parentCode":"3021"},"geometry":{"type":"Polygon","coordinates":[[[101.45547878400004,14.673888556000065],[101.40923229000003,14.663054079000062],[101.42185255000004,14.584322555000028],[101.48094680500009,14.56738669200007],[101.53858303500004,14.559195805000058],[101.57176172300007,14.620093216000043],[101.48310577100006,14.615590084000075],[101.45547878400004,14.673888556000065]]]}},{"type":"Feature","properties":{"code":"302109","name":"คลองม่วง","parentCode":"3021"},"geometry":{"type":"Polygon","coordinates":[[[101.67870327400004,14.693124814000043],[101.64179574700006,14.717208966000044],[101.64261460100005,14.680442493000044],[101.56142213100009,14.650986841000076],[101.57333868500007,14.633797166000022],[101.62153088300005,14.564822770000035],[101.68040675800006,14.582187145000034],[101.73233027200007,14.644260046000056],[101.70790801300006,14.685369887000036],[101.67870327400004,14.693124814000043]]]}},{"type":"Feature","properties":{"code":"300611","name":"คลองเมือง","parentCode":"3006"},"geometry":{"type":"Polygon","coordinates":[[[102.54785895100008,14.854820653000047],[102.49420626700004,14.903090423000037],[102.47328424700004,14.87430788100005],[102.45297836900005,14.844559213000025],[102.45789928600004,14.835097868000048],[102.50261028600005,14.802210737000053],[102.53423160100004,14.814596428000073],[102.54785895100008,14.854820653000047]]]}},{"type":"Feature","properties":{"code":"302010","name":"คลองไผ่","parentCode":"3020"},"geometry":{"type":"Polygon","coordinates":[[[101.61268648500004,14.898393807000048],[101.54939943100004,14.933277811000039],[101.51439011800005,14.932041552000044],[101.48066148000004,14.862057391000064],[101.51357013500007,14.832535008000036],[101.55597757800007,14.847729467000022],[101.54854139200006,14.776333692000037],[101.58980853800006,14.754579127000056],[101.58731978700007,14.879945246000034],[101.61268648500004,14.898393807000048]]]}},{"type":"Feature","properties":{"code":"301317","name":"โคกกลาง","parentCode":"3013"},"geometry":{"type":"Polygon","coordinates":[[[102.77615135600007,15.488355001000059],[102.75088288500007,15.50474147600005],[102.72603623600008,15.500401087000057],[102.70801302300003,15.485578481000061],[102.70020335500004,15.452792741000053],[102.75444120000009,15.431263426000044],[102.76949835200008,15.432251026000074],[102.77615135600007,15.488355001000059]]]}},{"type":"Feature","properties":{"code":"300503","name":"โคกกระเบื้อง","parentCode":"3005"},"geometry":{"type":"Polygon","coordinates":[[[102.19348377000006,15.615138840000043],[102.16039508100005,15.630090431000042],[102.12123284700004,15.60061709200005],[102.13183026700005,15.541165792000072],[102.14164652400007,15.536420586000077],[102.22077542100004,15.520209710000074],[102.24704427100005,15.547412526000073],[102.23307480800008,15.607280117000073],[102.19348377000006,15.615138840000043]]]}},{"type":"Feature","properties":{"code":"300204","name":"โคกกระชาย","parentCode":"3002"},"geometry":{"type":"Polygon","coordinates":[[[102.34569896200009,14.419650678000039],[102.30480800600009,14.470204761000048],[102.24977589100007,14.458881263000023],[102.25487765700007,14.428647870000077],[102.16938227800006,14.391100822000055],[102.15363793000006,14.306780709000066],[102.11122794900007,14.28559573800004],[102.05846954600008,14.17697755200004],[102.10620592600009,14.151759132000052],[102.16478322900008,14.140548056000057],[102.19079900600008,14.195757171000025],[102.20803998900004,14.175651143000039],[102.19707414100009,14.198935566000046],[102.24247186400004,14.250569776000077],[102.23872424100006,14.31084835400003],[102.28268289800008,14.382128052000041],[102.32105140700008,14.376019859000053],[102.34569896200009,14.419650678000039]]]}},{"type":"Feature","properties":{"code":"300117","name":"โคกกรวด","parentCode":"3001"},"geometry":{"type":"Polygon","coordinates":[[[102.00592866300008,14.943781350000052],[101.99417513800006,14.959650707000037],[101.94540398500004,14.935666621000053],[101.94192737600008,14.931228524000062],[101.93944411300004,14.926142051000056],[101.93699945800006,14.921468627000024],[101.96510301600006,14.830687358000034],[101.96838141800004,14.822995040000023],[101.97903116900005,14.816066952000028],[101.99042901800004,14.839077044000021],[102.00592866300008,14.943781350000052]]]}},{"type":"Feature","properties":{"code":"300104","name":"โคกสูง","parentCode":"3001"},"geometry":{"type":"Polygon","coordinates":[[[102.12063533400004,15.137781850000067],[102.09257471500007,15.129076975000032],[102.08120080100008,15.076524562000031],[102.09405017700004,15.051108085000067],[102.14172165200006,15.076283490000037],[102.13607338400004,15.12407390800007],[102.12063533400004,15.137781850000067]]]}},{"type":"Feature","properties":{"code":"301403","name":"โคกไทย","parentCode":"3014"},"geometry":{"type":"Polygon","coordinates":[[[102.10650982700008,14.791351520000035],[102.08746657100005,14.799909409000065],[102.05778904800007,14.736153896000076],[102.06278967100008,14.707640712000057],[102.11399611300004,14.713096732000054],[102.10650982700008,14.791351520000035]]]}},{"type":"Feature","properties":{"code":"300203","name":"ครบุรี","parentCode":"3002"},"geometry":{"type":"Polygon","coordinates":[[[102.15707284100006,14.615277569000057],[102.13110154300006,14.639915644000041],[102.12125421300004,14.636024809000048],[102.10265630400005,14.62815438900003],[102.08262640100008,14.575138302000028],[102.17596050400005,14.583020905000069],[102.17097929200008,14.592144570000073],[102.15707284100006,14.615277569000057]]]}},{"type":"Feature","properties":{"code":"300210","name":"ครบุรีใต้","parentCode":"3002"},"geometry":{"type":"Polygon","coordinates":[[[102.17596050400005,14.583020905000069],[102.08262640100008,14.575138302000028],[102.04732133500005,14.545312240000044],[102.04036569100003,14.478830564000077],[102.10097823100006,14.472790876000033],[102.16831425200007,14.558131742000057],[102.17596050400005,14.583020905000069]]]}},{"type":"Feature","properties":{"code":"301806","name":"โค้งยาง","parentCode":"3018"},"geometry":{"type":"Polygon","coordinates":[[[101.94192737600008,14.931228524000062],[101.90006994700008,14.944738252000036],[101.88138753600003,14.928330868000046],[101.87651275100006,14.923302902000046],[101.93944411300004,14.926142051000056],[101.94192737600008,14.931228524000062]]]}},{"type":"Feature","properties":{"code":"301803","name":"โคราช","parentCode":"3018"},"geometry":{"type":"Polygon","coordinates":[[[101.87507985300005,14.923580704000074],[101.82854010300008,14.918107464000059],[101.86377745900006,14.902839718000052],[101.87507985300005,14.923580704000074]]]}},{"type":"Feature","properties":{"code":"300402","name":"คูขาด","parentCode":"3004"},"geometry":{"type":"Polygon","coordinates":[[[102.39924744700005,15.489006893000067],[102.36754263500006,15.494077196000035],[102.36870692200006,15.408609757000022],[102.37859091600006,15.39536653700003],[102.40309195500004,15.400473585000043],[102.43235321100008,15.404504945000042],[102.47012539300005,15.458754339000052],[102.44252676600007,15.468619756000066],[102.39924744700005,15.489006893000067]]]}},{"type":"Feature","properties":{"code":"302901","name":"ขุย","parentCode":"3029"},"geometry":{"type":"Polygon","coordinates":[[[102.93309447400009,15.369203470000059],[102.84477589800008,15.405382936000024],[102.84641061400004,15.318596033000063],[102.87981375900006,15.334974629000044],[102.92351006600006,15.31580297000005],[102.93309447400009,15.369203470000059]]]}},{"type":"Feature","properties":{"code":"301220","name":"ขุนทอง","parentCode":"3012"},"geometry":{"type":"Polygon","coordinates":[[[102.42069466900006,15.69505154500007],[102.36278951800006,15.729769327000042],[102.32905503500007,15.693729481000048],[102.30950251100006,15.669565801000033],[102.37793734500008,15.63974939600007],[102.42304865600005,15.678341019000072],[102.42069466900006,15.69505154500007]]]}},{"type":"Feature","properties":{"code":"302102","name":"กลางดง","parentCode":"3021"},"geometry":{"type":"Polygon","coordinates":[[[101.26704332600008,14.728659439000069],[101.25043960800008,14.732098568000026],[101.24967130200008,14.678189833000033],[101.22419019000006,14.67202908300004],[101.24413910200008,14.605501511000057],[101.30427550300004,14.571952037000074],[101.34518276700004,14.65730497800007],[101.26704332600008,14.728659439000069]]]}},{"type":"Feature","properties":{"code":"301607","name":"กงรถ","parentCode":"3016"},"geometry":{"type":"Polygon","coordinates":[[[102.76268729900005,15.080976399000065],[102.74359671200006,15.09324500300005],[102.71235635100004,15.051615651000077],[102.74838499400005,15.003998980000063],[102.78130561600005,15.012337642000034],[102.80472525000005,15.040613421000046],[102.76268729900005,15.080976399000065]]]}},{"type":"Feature","properties":{"code":"302702","name":"กระเบื้องนอก","parentCode":"3027"},"geometry":{"type":"Polygon","coordinates":[[[103.01006928900006,15.436508616000026],[102.97834095800005,15.482181746000037],[102.94226066600004,15.49224639700003],[102.92578540400007,15.433961354000076],[102.93978757700006,15.383158795000043],[102.95509740300008,15.38273395300007],[102.96553673200003,15.419974449000051],[103.01006928900006,15.436508616000026]]]}},{"type":"Feature","properties":{"code":"301504","name":"กระเบื้องใหญ่","parentCode":"3015"},"geometry":{"type":"Polygon","coordinates":[[[102.42112075200004,15.244815625000058],[102.47614391000008,15.206021191000048],[102.49038694100005,15.267678939000064],[102.48035815200006,15.337122610000051],[102.45159690300005,15.319113813000058],[102.41841199000004,15.273013444000071],[102.42112075200004,15.244815625000058]]]}},{"type":"Feature","properties":{"code":"301509","name":"กระชอน","parentCode":"3015"},"geometry":{"type":"Polygon","coordinates":[[[102.70801302300003,15.485578481000061],[102.65412661400006,15.469725476000065],[102.60757161700008,15.445741859000066],[102.57889665400006,15.421553753000069],[102.55164765000006,15.393056685000033],[102.55995920300006,15.345976865000068],[102.63853979700008,15.403130342000054],[102.69005306400004,15.411017661000074],[102.70020335500004,15.452792741000053],[102.70801302300003,15.485578481000061]]]}},{"type":"Feature","properties":{"code":"300701","name":"กระโทก","parentCode":"3007"},"geometry":{"type":"Polygon","coordinates":[[[102.21179087900003,14.744827778000058],[102.16793933500009,14.714760459000047],[102.18673350200004,14.675018826000041],[102.21179087900003,14.744827778000058]]]}},{"type":"Feature","properties":{"code":"301303","name":"กระทุ่มราย","parentCode":"3013"},"geometry":{"type":"Polygon","coordinates":[[[102.67081498500005,15.563059088000045],[102.61895243100008,15.607221707000065],[102.62361093200008,15.57302609800007],[102.61848179100008,15.550025399000049],[102.60825700600009,15.530932244000041],[102.64402056200004,15.484069527000031],[102.70921626700004,15.526451251000026],[102.67535050900005,15.557392374000074],[102.67081498500005,15.563059088000045]]]}},{"type":"Feature","properties":{"code":"302003","name":"กฤษณา","parentCode":"3020"},"geometry":{"type":"Polygon","coordinates":[[[101.49494198600007,15.111628434000068],[101.42933410900008,15.100705424000068],[101.43844183200008,15.071126837000065],[101.48752416000008,15.065916084000037],[101.51551942700007,15.056144237000069],[101.58744289000003,14.982352394000031],[101.65730546100008,14.954208311000059],[101.66037175400004,14.952963737000061],[101.68059833400008,14.974202859000059],[101.68323006300005,14.988322828000037],[101.68195930300004,15.007310475000054],[101.61674135700008,15.051491962000057],[101.60532664900006,15.027679426000077],[101.56684187100007,15.071618840000042],[101.49494198600007,15.111628434000068]]]}},{"type":"Feature","properties":{"code":"300304","name":"กุดโบสถ์","parentCode":"3003"},"geometry":{"type":"Polygon","coordinates":[[[102.54054210900006,14.504475051000043],[102.49840115800004,14.505107620000047],[102.48562964300004,14.465401272000065],[102.48216208500008,14.405230971000037],[102.56499064100007,14.40466407200006],[102.61059848800005,14.494087109000077],[102.57288587000005,14.499126258000047],[102.54054210900006,14.504475051000043]]]}},{"type":"Feature","properties":{"code":"301811","name":"กุดจิก","parentCode":"3018"},"geometry":{"type":"Polygon","coordinates":[[[101.93944411300004,14.926142051000056],[101.87651275100006,14.923302902000046],[101.87507985300005,14.923580704000074],[101.86377745900006,14.902839718000052],[101.87827896900006,14.904995234000069],[101.93699945800006,14.921468627000024],[101.93944411300004,14.926142051000056]]]}},{"type":"Feature","properties":{"code":"301214","name":"กุดจอก","parentCode":"3012"},"geometry":{"type":"Polygon","coordinates":[[[102.50637652200004,15.610728993000066],[102.47048056300008,15.612676456000031],[102.44003792900008,15.554282392000061],[102.46236114500005,15.535683576000054],[102.52181617500008,15.550612578000027],[102.50637652200004,15.610728993000066]]]}},{"type":"Feature","properties":{"code":"302006","name":"กุดน้อย","parentCode":"3020"},"geometry":{"type":"Polygon","coordinates":[[[101.68059833400008,14.974202859000059],[101.66037175400004,14.952963737000061],[101.78442758700004,14.898425406000058],[101.77168196000008,14.941203960000053],[101.68059833400008,14.974202859000059]]]}},{"type":"Feature","properties":{"code":"300801","name":"กุดพิมาน","parentCode":"3008"},"geometry":{"type":"Polygon","coordinates":[[[101.77100348700009,15.353646294000043],[101.73265591600006,15.342028196000058],[101.71817009500006,15.300005958000042],[101.72046033700008,15.265763487000072],[101.75961658700004,15.246051583000053],[101.79500515500007,15.282240245000025],[101.79660787900008,15.333363184000063],[101.77100348700009,15.353646294000043]]]}},{"type":"Feature","properties":{"code":"302205","name":"แหลมทอง","parentCode":"3022"},"geometry":{"type":"Polygon","coordinates":[[[102.37653030700005,14.78065704900007],[102.28521335100004,14.805820408000045],[102.27899282500005,14.764744764000056],[102.27949253100007,14.759738275000075],[102.37271593800006,14.739646478000054],[102.37653030700005,14.78065704900007]]]}},{"type":"Feature","properties":{"code":"302703","name":"ละหานปลาค้าว","parentCode":"3027"},"geometry":{"type":"Polygon","coordinates":[[[102.89594599200007,15.521453817000065],[102.83599039400008,15.51661213400007],[102.83348137400009,15.510829536000074],[102.83384669400004,15.491742316000057],[102.86231546700009,15.458764716000076],[102.92578540400007,15.433961354000076],[102.94226066600004,15.49224639700003],[102.93941179500007,15.496984869000073],[102.89594599200007,15.521453817000065]]]}},{"type":"Feature","properties":{"code":"300709","name":"ละลมใหม่พัฒนา","parentCode":"3007"},"geometry":{"type":"Polygon","coordinates":[[[102.28521335100004,14.805820408000045],[102.21441077200006,14.856130115000042],[102.21523651900009,14.83628335900005],[102.20008384800008,14.785264320000067],[102.27899282500005,14.764744764000056],[102.28521335100004,14.805820408000045]]]}},{"type":"Feature","properties":{"code":"301013","name":"ลำคอหงษ์","parentCode":"3010"},"geometry":{"type":"Polygon","coordinates":[[[102.18429352400005,15.280233622000026],[102.15885422000008,15.279384082000036],[102.17469514600003,15.241365039000073],[102.24472328600007,15.216654812000058],[102.25928603900007,15.240369548000047],[102.23495679300004,15.272893938000038],[102.18429352400005,15.280233622000026]]]}},{"type":"Feature","properties":{"code":"301412","name":"ลำนางแก้ว","parentCode":"3014"},"geometry":{"type":"Polygon","coordinates":[[[101.85479851300005,14.620613233000029],[101.85882364500009,14.586380855000073],[101.82195100000007,14.554742176000047],[101.83528745900009,14.515910943000051],[101.85695782500005,14.499153548000038],[101.89297622600009,14.535123655000064],[101.93326608400008,14.598724004000076],[101.85479851300005,14.620613233000029]]]}},{"type":"Feature","properties":{"code":"301016","name":"ลำมูล","parentCode":"3010"},"geometry":{"type":"Polygon","coordinates":[[[102.34469673500007,15.087870427000041],[102.31260526400007,15.090725084000042],[102.26962000800006,15.037129242000049],[102.27934811900008,15.030809859000044],[102.31821284300008,15.060269223000034],[102.34469673500007,15.087870427000041]]]}},{"type":"Feature","properties":{"code":"300209","name":"ลำเพียก","parentCode":"3002"},"geometry":{"type":"Polygon","coordinates":[[[102.37873884800007,14.422370302000047],[102.34569896200009,14.419650678000039],[102.32105140700008,14.376019859000053],[102.28268289800008,14.382128052000041],[102.23872424100006,14.31084835400003],[102.24247186400004,14.250569776000077],[102.19707414100009,14.198935566000046],[102.20803998900004,14.175651143000039],[102.21558053300004,14.145795153000051],[102.32595634700004,14.128397520000021],[102.35926664400006,14.165854786000068],[102.37560787700005,14.23678816000006],[102.35550576300005,14.27266544300005],[102.37921073900009,14.298963800000024],[102.37236940300005,14.374063804000059],[102.37873884800007,14.422370302000047]]]}},{"type":"Feature","properties":{"code":"302004","name":"ลาดบัวขาว","parentCode":"3020"},"geometry":{"type":"Polygon","coordinates":[[[101.68712166600005,14.875268542000072],[101.66061433300007,14.910973108000064],[101.61268648500004,14.898393807000048],[101.58731978700007,14.879945246000034],[101.58980853800006,14.754579127000056],[101.64179574700006,14.717208966000044],[101.67195573900005,14.805289750000043],[101.65156373900004,14.809801194000045],[101.68712166600005,14.875268542000072]]]}},{"type":"Feature","properties":{"code":"301007","name":"หลุมข้าว","parentCode":"3010"},"geometry":{"type":"Polygon","coordinates":[[[102.35716428700005,15.278707869000073],[102.34431696400009,15.280884428000036],[102.28770189600004,15.244395116000078],[102.25928603900007,15.240369548000047],[102.24472328600007,15.216654812000058],[102.25324317500008,15.200897971000074],[102.27414914700006,15.175030917000072],[102.29976932100004,15.178772956000046],[102.37053959400004,15.199483508000071],[102.36676339500008,15.212465813000051],[102.35716428700005,15.278707869000073]]]}},{"type":"Feature","properties":{"code":"302207","name":"ลุงเขว้า","parentCode":"3022"},"geometry":{"type":"Polygon","coordinates":[[[102.38172382700009,14.849335300000064],[102.34890846400003,14.826377059000038],[102.32079107800007,14.856298552000055],[102.28521335100004,14.805820408000045],[102.37653030700005,14.78065704900007],[102.39092879500004,14.777334659000076],[102.38172382700009,14.849335300000064]]]}},{"type":"Feature","properties":{"code":"301608","name":"หลุ่งประดู่","parentCode":"3016"},"geometry":{"type":"Polygon","coordinates":[[[102.56856477500008,15.093650710000077],[102.49036809000006,15.087113470000077],[102.48406908000004,15.08130950900005],[102.49083049000006,15.060941791000062],[102.50988348300007,15.031553032000033],[102.59271583700007,15.036570953000023],[102.61135339000003,15.083337227000072],[102.56856477500008,15.093650710000077]]]}},{"type":"Feature","properties":{"code":"301604","name":"หลุ่งตะเคียน","parentCode":"3016"},"geometry":{"type":"Polygon","coordinates":[[[102.69352678900003,15.143021063000049],[102.67135174100008,15.16630519000006],[102.60939733400005,15.152787343000057],[102.58476258300004,15.156738677000021],[102.56856477500008,15.093650710000077],[102.61135339000003,15.083337227000072],[102.66817482500005,15.089076792000071],[102.70984484200005,15.122621471000059],[102.69352678900003,15.143021063000049]]]}},{"type":"Feature","properties":{"code":"301002","name":"ใหม่","parentCode":"3010"},"geometry":{"type":"Polygon","coordinates":[[[102.29976932100004,15.178772956000046],[102.27414914700006,15.175030917000072],[102.24169854800004,15.162351820000026],[102.21073710600007,15.120010515000047],[102.23327302500007,15.084126854000033],[102.25131021900006,15.094650982000076],[102.28737505100008,15.132377370000029],[102.31089186300005,15.136532385000066],[102.29976932100004,15.178772956000046]]]}},{"type":"Feature","properties":{"code":"300914","name":"มะค่า","parentCode":"3009"},"geometry":{"type":"Polygon","coordinates":[[[102.17560280300006,15.231194450000032],[102.13541391500007,15.244401989000039],[102.10085920700004,15.308068884000022],[102.07494719900006,15.285082286000033],[102.07185608500004,15.25923683800005],[102.10881671100009,15.22069190700006],[102.16072519900007,15.212138752000044],[102.17560280300006,15.231194450000032]]]}},{"type":"Feature","properties":{"code":"301008","name":"มะค่า","parentCode":"3010"},"geometry":{"type":"Polygon","coordinates":[[[102.35236147800003,15.374492003000057],[102.31176384700007,15.384125521000044],[102.28405950200005,15.294543815000054],[102.28770189600004,15.244395116000078],[102.34431696400009,15.280884428000036],[102.36714713900005,15.35096268500007],[102.35236147800003,15.374492003000057]]]}},{"type":"Feature","properties":{"code":"301807","name":"มะเกลือเก่า","parentCode":"3018"},"geometry":{"type":"Polygon","coordinates":[[[101.85607094300008,14.801336371000048],[101.81574399300007,14.801813424000045],[101.81487715000009,14.89252304300004],[101.78442758700004,14.898425406000058],[101.78480942000004,14.889606910000055],[101.78113925000008,14.883971044000077],[101.77535025100008,14.828326117000074],[101.71783167900008,14.723605970000051],[101.83612039600007,14.687297224000076],[101.86341221500004,14.704611370000066],[101.85607094300008,14.801336371000048]]]}},{"type":"Feature","properties":{"code":"301808","name":"มะเกลือใหม่","parentCode":"3018"},"geometry":{"type":"Polygon","coordinates":[[[101.78113925000008,14.883971044000077],[101.69244883100004,14.84192788100006],[101.71570901900009,14.793688486000065],[101.67514593900006,14.736557614000048],[101.67870327400004,14.693124814000043],[101.70790801300006,14.685369887000036],[101.71783167900008,14.723605970000051],[101.77535025100008,14.828326117000074],[101.78113925000008,14.883971044000077]]]}},{"type":"Feature","properties":{"code":"302802","name":"มาบกราด","parentCode":"3028"},"geometry":{"type":"Polygon","coordinates":[[[101.95719805500005,15.358150666000029],[101.90037409600006,15.410647078000068],[101.87849963900004,15.389251178000052],[101.89317155500004,15.364935115000037],[101.92411379400005,15.33618281400004],[101.95719805500005,15.358150666000029]]]}},{"type":"Feature","properties":{"code":"300206","name":"มาบตะโกเอน","parentCode":"3002"},"geometry":{"type":"Polygon","coordinates":[[[102.37228950700006,14.606898229000024],[102.36653523100006,14.620021465000036],[102.33400466800003,14.600623514000063],[102.31104349100008,14.525139367000065],[102.31219511300009,14.493536884000036],[102.32707067100006,14.493203251000068],[102.34990756000008,14.543425156000069],[102.38920778900007,14.540067552000039],[102.41728424700005,14.595946405000063],[102.37228950700006,14.606898229000024]]]}},{"type":"Feature","properties":{"code":"300105","name":"มะเริง","parentCode":"3001"},"geometry":{"type":"Polygon","coordinates":[[[102.17080100300007,14.995947735000072],[102.15569307100009,14.991731855000069],[102.15926825400004,14.949623692000046],[102.18126133100009,14.96438777000003],[102.17080100300007,14.995947735000072]]]}},{"type":"Feature","properties":{"code":"302009","name":"มิตรภาพ","parentCode":"3020"},"geometry":{"type":"Polygon","coordinates":[[[101.78480942000004,14.889606910000055],[101.68712166600005,14.875268542000072],[101.65156373900004,14.809801194000045],[101.67195573900005,14.805289750000043],[101.64179574700006,14.717208966000044],[101.67870327400004,14.693124814000043],[101.67514593900006,14.736557614000048],[101.71570901900009,14.793688486000065],[101.69244883100004,14.84192788100006],[101.78113925000008,14.883971044000077],[101.78480942000004,14.889606910000055]]]}},{"type":"Feature","properties":{"code":"302105","name":"หมูสี","parentCode":"3021"},"geometry":{"type":"Polygon","coordinates":[[[101.48094680500009,14.56738669200007],[101.42185255000004,14.584322555000028],[101.37484442800007,14.549790135000023],[101.31042436400008,14.555747426000039],[101.28368800300007,14.502587747000064],[101.31776994200004,14.46992534900005],[101.35273402300004,14.45455568400007],[101.42220888000008,14.383705732000067],[101.43230425900003,14.389491131000057],[101.43691023400004,14.446279134000065],[101.48290830300004,14.462479889000065],[101.50107307700006,14.517442610000046],[101.48094680500009,14.56738669200007]]]}},{"type":"Feature","properties":{"code":"301318","name":"เมืองโดน","parentCode":"3013"},"geometry":{"type":"Polygon","coordinates":[[[102.74777428700008,15.670026922000034],[102.73398379800005,15.666160878000028],[102.68966099500005,15.645814449000056],[102.69655903000006,15.604194671000073],[102.73331694300003,15.609076318000064],[102.77095161400007,15.62867366300003],[102.77659426100007,15.633593717000053],[102.77136536100005,15.654030187000046],[102.74777428700008,15.670026922000034]]]}},{"type":"Feature","properties":{"code":"301107","name":"เมืองเกษตร","parentCode":"3011"},"geometry":{"type":"Polygon","coordinates":[[[102.18346860600008,15.462099282000054],[102.13546560100008,15.449570402000063],[102.13590705200005,15.388023580000038],[102.17783675700008,15.410652102000029],[102.18346860600008,15.462099282000054]]]}},{"type":"Feature","properties":{"code":"300401","name":"เมืองคง","parentCode":"3004"},"geometry":{"type":"Polygon","coordinates":[[[102.36754263500006,15.494077196000035],[102.33149349900003,15.504188405000036],[102.29089110600006,15.458237373000031],[102.27911529500005,15.415346549000049],[102.29446786600005,15.405168527000058],[102.30336207800008,15.429850217000023],[102.36870692200006,15.408609757000022],[102.36754263500006,15.494077196000035]]]}},{"type":"Feature","properties":{"code":"301103","name":"เมืองนาท","parentCode":"3011"},"geometry":{"type":"Polygon","coordinates":[[[102.29624979100004,15.40168813200006],[102.18771010100005,15.404431301000045],[102.25548987300004,15.348519647000046],[102.29091992200006,15.371092875000045],[102.29624979100004,15.40168813200006]]]}},{"type":"Feature","properties":{"code":"301401","name":"เมืองปัก","parentCode":"3014"},"geometry":{"type":"Polygon","coordinates":[[[102.05778904800007,14.736153896000076],[101.99951285600008,14.749284758000044],[101.99222565800005,14.716000928000028],[101.99324720200008,14.713428734000047],[102.02154764100004,14.706474806000074],[102.05869545400009,14.701516747000028],[102.06278967100008,14.707640712000057],[102.05778904800007,14.736153896000076]]]}},{"type":"Feature","properties":{"code":"303001","name":"เมืองพะไล","parentCode":"3030"},"geometry":{"type":"Polygon","coordinates":[[[102.54232242200004,15.67861823800007],[102.49632156300004,15.651083291000077],[102.51416772300007,15.623143628000037],[102.54932621100005,15.625855970000032],[102.54232242200004,15.67861823800007]]]}},{"type":"Feature","properties":{"code":"301603","name":"เมืองพลับพลา","parentCode":"3016"},"geometry":{"type":"Polygon","coordinates":[[[102.66817482500005,15.089076792000071],[102.61135339000003,15.083337227000072],[102.59271583700007,15.036570953000023],[102.59841409200004,15.030236499000068],[102.66105750900005,15.047294824000062],[102.66817482500005,15.089076792000071]]]}},{"type":"Feature","properties":{"code":"301014","name":"เมืองปราสาท","parentCode":"3010"},"geometry":{"type":"Polygon","coordinates":[[[102.24472328600007,15.216654812000058],[102.17469514600003,15.241365039000073],[102.17560280300006,15.231194450000032],[102.16072519900007,15.212138752000044],[102.13559939900006,15.186613837000039],[102.19115729100008,15.167877075000035],[102.23630771500007,15.17891077400003],[102.25324317500008,15.200897971000074],[102.24472328600007,15.216654812000058]]]}},{"type":"Feature","properties":{"code":"302701","name":"เมืองยาง","parentCode":"3027"},"geometry":{"type":"Polygon","coordinates":[[[102.92578540400007,15.433961354000076],[102.86231546700009,15.458764716000076],[102.84477589800008,15.405382936000024],[102.93309447400009,15.369203470000059],[102.93978757700006,15.383158795000043],[102.92578540400007,15.433961354000076]]]}},{"type":"Feature","properties":{"code":"300108","name":"หมื่นไวย","parentCode":"3001"},"geometry":{"type":"Polygon","coordinates":[[[102.11790453700007,15.01900942900005],[102.08483637000006,15.03284360400005],[102.09647041700003,14.995244341000046],[102.11419516700005,14.99730777700006],[102.11790453700007,15.01900942900005]]]}},{"type":"Feature","properties":{"code":"301809","name":"นากลาง","parentCode":"3018"},"geometry":{"type":"Polygon","coordinates":[[[101.96510301600006,14.830687358000034],[101.93699945800006,14.921468627000024],[101.87827896900006,14.904995234000069],[101.87646906200007,14.852343432000055],[101.96510301600006,14.830687358000034]]]}},{"type":"Feature","properties":{"code":"300101","name":"ในเมือง","parentCode":"3001"},"geometry":{"type":"Polygon","coordinates":[[[102.12817898800006,14.983171665000043],[102.13770933000006,15.002726765000034],[102.11419516700005,14.99730777700006],[102.09647041700003,14.995244341000046],[102.07509894700007,14.99515787200005],[102.06478199600008,14.994061510000051],[102.04794917700008,14.968717061000063],[102.02900521800007,14.953612922000048],[102.04471161200007,14.948938369000075],[102.05749526000005,14.950342780000028],[102.06638802500004,14.95045478000003],[102.10777579600006,14.956437804000075],[102.10972582100004,14.957486795000023],[102.12817898800006,14.983171665000043]]]}},{"type":"Feature","properties":{"code":"301501","name":"ในเมือง","parentCode":"3015"},"geometry":{"type":"Polygon","coordinates":[[[102.49038694100005,15.267678939000064],[102.47614391000008,15.206021191000048],[102.43362210700008,15.17341196700005],[102.44198915800007,15.166685336000057],[102.45849740100005,15.151109602000076],[102.51075803700007,15.165787606000038],[102.52814607800008,15.236103674000049],[102.49038694100005,15.267678939000064]]]}},{"type":"Feature","properties":{"code":"301313","name":"นางรำ","parentCode":"3013"},"geometry":{"type":"Polygon","coordinates":[[[102.64402056200004,15.484069527000031],[102.60825700600009,15.530932244000041],[102.59239380600008,15.479946478000045],[102.60757161700008,15.445741859000066],[102.65412661400006,15.469725476000065],[102.64402056200004,15.484069527000031]]]}},{"type":"Feature","properties":{"code":"301410","name":"งิ้ว","parentCode":"3014"},"geometry":{"type":"Polygon","coordinates":[[[102.02154764100004,14.706474806000074],[101.99324720200008,14.713428734000047],[101.97118038100007,14.639179099000046],[102.00890564400004,14.634262868000064],[102.01251382600009,14.655974832000027],[102.02154764100004,14.706474806000074]]]}},{"type":"Feature","properties":{"code":"301606","name":"งิ้ว","parentCode":"3016"},"geometry":{"type":"Polygon","coordinates":[[[102.74050225900004,15.097555949000025],[102.70984484200005,15.122621471000059],[102.66817482500005,15.089076792000071],[102.66105750900005,15.047294824000062],[102.66922197200006,15.04352934700006],[102.71235635100004,15.051615651000077],[102.74359671200006,15.09324500300005],[102.74050225900004,15.097555949000025]]]}},{"type":"Feature","properties":{"code":"301508","name":"นิคมสร้างตนเอง","parentCode":"3015"},"geometry":{"type":"Polygon","coordinates":[[[102.58476258300004,15.156738677000021],[102.52533979600008,15.141517864000036],[102.51075803700007,15.165787606000038],[102.45849740100005,15.151109602000076],[102.49036809000006,15.087113470000077],[102.56856477500008,15.093650710000077],[102.58476258300004,15.156738677000021]]]}},{"type":"Feature","properties":{"code":"301406","name":"นกออก","parentCode":"3014"},"geometry":{"type":"Polygon","coordinates":[[[102.02154764100004,14.706474806000074],[102.01251382600009,14.655974832000027],[102.03573524100005,14.66097676000004],[102.06353190400006,14.69488909000006],[102.05869545400009,14.701516747000028],[102.02154764100004,14.706474806000074]]]}},{"type":"Feature","properties":{"code":"303002","name":"โนนจาน","parentCode":"3030"},"geometry":{"type":"Polygon","coordinates":[[[102.53068878000005,15.71138309500003],[102.51254834800005,15.728309014000047],[102.45325139100004,15.716650874000038],[102.42940066400007,15.70244069100005],[102.42069466900006,15.69505154500007],[102.42304865600005,15.678341019000072],[102.44334027200006,15.673006741000052],[102.48025486300008,15.675044767000031],[102.53068878000005,15.71138309500003]]]}},{"type":"Feature","properties":{"code":"302401","name":"โนนแดง","parentCode":"3024"},"geometry":{"type":"Polygon","coordinates":[[[102.53221444800005,15.444933969000033],[102.50045220800007,15.395509810000021],[102.52772232900008,15.37213117400006],[102.55164765000006,15.393056685000033],[102.57889665400006,15.421553753000069],[102.53221444800005,15.444933969000033]]]}},{"type":"Feature","properties":{"code":"301805","name":"โนนค่า","parentCode":"3018"},"geometry":{"type":"Polygon","coordinates":[[[101.83553933500008,15.073972130000072],[101.81937831900007,15.074451100000033],[101.81825425900007,15.005705790000036],[101.83608466200008,14.99415537300007],[101.88138753600003,14.928330868000046],[101.90006994700008,14.944738252000036],[101.89049216600006,15.013237670000024],[101.87096544100007,15.056813711000075],[101.83553933500008,15.073972130000072]]]}},{"type":"Feature","properties":{"code":"301102","name":"โนนเมือง","parentCode":"3011"},"geometry":{"type":"Polygon","coordinates":[[[102.13590705200005,15.388023580000038],[102.13546560100008,15.449570402000063],[102.12990388200006,15.448161846000062],[102.04402137200003,15.41502065000003],[102.07072131600006,15.376897858000063],[102.12318921100007,15.387547545000075],[102.13590705200005,15.388023580000038]]]}},{"type":"Feature","properties":{"code":"300817","name":"โนนเมืองพัฒนา","parentCode":"3008"},"geometry":{"type":"Polygon","coordinates":[[[101.92411379400005,15.33618281400004],[101.89317155500004,15.364935115000037],[101.88950128500005,15.344921802000044],[101.85678452300004,15.29331989900004],[101.90048567900004,15.236927958000024],[101.92350707300005,15.305507056000067],[101.92411379400005,15.33618281400004]]]}},{"type":"Feature","properties":{"code":"301314","name":"โนนเพ็ด","parentCode":"3013"},"geometry":{"type":"Polygon","coordinates":[[[102.69134401000008,15.724087098000041],[102.67905688600007,15.727672864000056],[102.66662522000007,15.715343160000032],[102.65689865700006,15.636934989000054],[102.68966099500005,15.645814449000056],[102.73398379800005,15.666160878000028],[102.69134401000008,15.724087098000041]]]}},{"type":"Feature","properties":{"code":"303103","name":"โนนประดู่","parentCode":"3031"},"geometry":{"type":"Polygon","coordinates":[[[102.52181617500008,15.550612578000027],[102.46236114500005,15.535683576000054],[102.46338680000008,15.526371079000057],[102.47344258800007,15.488333759000056],[102.52055600300008,15.465440113000056],[102.52436025500003,15.46286912000005],[102.52696070800005,15.480795817000057],[102.50286278700008,15.512245516000064],[102.52181617500008,15.550612578000027]]]}},{"type":"Feature","properties":{"code":"301710","name":"โนนรัง","parentCode":"3017"},"geometry":{"type":"Polygon","coordinates":[[[102.83626787900005,15.288790426000048],[102.79219005400006,15.315281320000054],[102.76437284300005,15.315143058000046],[102.80320022000006,15.261252961000025],[102.77893768800004,15.220539163000069],[102.86029018700003,15.205147284000077],[102.87430749900005,15.224282519000042],[102.82522299500005,15.263860006000073],[102.83626787900005,15.288790426000048]]]}},{"type":"Feature","properties":{"code":"302302","name":"โนนสำราญ","parentCode":"3023"},"geometry":{"type":"Polygon","coordinates":[[[102.32756241300007,15.803414540000063],[102.28354584400006,15.782879411000067],[102.29142070100005,15.724843435000025],[102.32905503500007,15.693729481000048],[102.36278951800006,15.729769327000042],[102.36404882600004,15.763960585000063],[102.32756241300007,15.803414540000063]]]}},{"type":"Feature","properties":{"code":"300303","name":"โนนสมบูรณ์","parentCode":"3003"},"geometry":{"type":"Polygon","coordinates":[[[102.45427354200007,14.350135566000063],[102.42453292600004,14.396715585000038],[102.37236940300005,14.374063804000059],[102.37921073900009,14.298963800000024],[102.35550576300005,14.27266544300005],[102.37560787700005,14.23678816000006],[102.35926664400006,14.165854786000068],[102.40052010300008,14.14575945200005],[102.40715875700005,14.15529596600004],[102.39779917000004,14.205348057000037],[102.43070554900004,14.233079091000036],[102.42078591000006,14.293246381000074],[102.45427354200007,14.350135566000063]]]}},{"type":"Feature","properties":{"code":"301001","name":"โนนสูง","parentCode":"3010"},"geometry":{"type":"Polygon","coordinates":[[[102.24169854800004,15.162351820000026],[102.27414914700006,15.175030917000072],[102.25324317500008,15.200897971000074],[102.23630771500007,15.17891077400003],[102.24169854800004,15.162351820000026]]]}},{"type":"Feature","properties":{"code":"302402","name":"โนนตาเถร","parentCode":"3024"},"geometry":{"type":"Polygon","coordinates":[[[102.50862423100006,15.469423370000072],[102.47012539300005,15.458754339000052],[102.43235321100008,15.404504945000042],[102.47482399000006,15.404416062000053],[102.50862423100006,15.469423370000072]]]}},{"type":"Feature","properties":{"code":"300408","name":"โนนเต็ง","parentCode":"3004"},"geometry":{"type":"Polygon","coordinates":[[[102.29089110600006,15.458237373000031],[102.22743045700008,15.498170807000065],[102.18928486800007,15.462328439000032],[102.22675005800005,15.466171531000043],[102.27911529500005,15.415346549000049],[102.29089110600006,15.458237373000031]]]}},{"type":"Feature","properties":{"code":"300901","name":"โนนไทย","parentCode":"3009"},"geometry":{"type":"Polygon","coordinates":[[[102.07185608500004,15.25923683800005],[102.02507904600009,15.252485754000077],[102.01371559600005,15.208993365000026],[102.02148422700009,15.178913843000032],[102.05294400900004,15.166628333000062],[102.07459854500007,15.170493279000027],[102.10881671100009,15.22069190700006],[102.07185608500004,15.25923683800005]]]}},{"type":"Feature","properties":{"code":"301208","name":"โนนทองหลาง","parentCode":"3012"},"geometry":{"type":"Polygon","coordinates":[[[102.34513339400007,15.56780088000005],[102.28756696400006,15.573834273000045],[102.26046565200005,15.54095866700004],[102.33149349900003,15.504188405000036],[102.36754263500006,15.494077196000035],[102.39924744700005,15.489006893000067],[102.41255617300004,15.550992482000026],[102.41225603300006,15.551741285000048],[102.34338807000006,15.530903547000037],[102.34513339400007,15.56780088000005]]]}},{"type":"Feature","properties":{"code":"301716","name":"โนนตูม","parentCode":"3017"},"geometry":{"type":"Polygon","coordinates":[[[102.74050225900004,15.097555949000025],[102.79635636900008,15.178326096000035],[102.77547674300007,15.198141552000038],[102.74005561600006,15.157955069000025],[102.69352678900003,15.143021063000049],[102.70984484200005,15.122621471000059],[102.74050225900004,15.097555949000025]]]}},{"type":"Feature","properties":{"code":"302704","name":"โนนอุดม","parentCode":"3027"},"geometry":{"type":"Polygon","coordinates":[[[102.86231546700009,15.458764716000076],[102.83384669400004,15.491742316000057],[102.76949835200008,15.432251026000074],[102.75444120000009,15.431263426000044],[102.77794580200003,15.384815436000054],[102.84477589800008,15.405382936000024],[102.86231546700009,15.458764716000076]]]}},{"type":"Feature","properties":{"code":"301717","name":"โนนยอ","parentCode":"3017"},"geometry":{"type":"Polygon","coordinates":[[[102.84641061400004,15.318596033000063],[102.84477589800008,15.405382936000024],[102.77794580200003,15.384815436000054],[102.79219005400006,15.315281320000054],[102.83626787900005,15.288790426000048],[102.84641061400004,15.318596033000063]]]}},{"type":"Feature","properties":{"code":"300407","name":"หนองบัว","parentCode":"3004"},"geometry":{"type":"Polygon","coordinates":[[[102.22077542100004,15.520209710000074],[102.14164652400007,15.536420586000077],[102.11759983400003,15.525837792000061],[102.12990388200006,15.448161846000062],[102.13546560100008,15.449570402000063],[102.18346860600008,15.462099282000054],[102.18928486800007,15.462328439000032],[102.22743045700008,15.498170807000065],[102.22077542100004,15.520209710000074]]]}},{"type":"Feature","properties":{"code":"300812","name":"หนองบัวละคร","parentCode":"3008"},"geometry":{"type":"Polygon","coordinates":[[[101.90048567900004,15.236927958000024],[101.85678452300004,15.29331989900004],[101.82642686200006,15.227121128000022],[101.83444032900007,15.207179336000024],[101.87255130800008,15.20832009000003],[101.90048567900004,15.236927958000024]]]}},{"type":"Feature","properties":{"code":"302012","name":"หนองบัวน้อย","parentCode":"3020"},"geometry":{"type":"Polygon","coordinates":[[[101.78699661100006,15.05132915200005],[101.71356817900005,15.075211255000056],[101.68195930300004,15.007310475000054],[101.68323006300005,14.988322828000037],[101.74022722700005,14.979135067000072],[101.72333203700003,15.009332439000048],[101.76945747500008,15.010791178000034],[101.78699661100006,15.05132915200005]]]}},{"type":"Feature","properties":{"code":"301207","name":"หนองบัวสะอาด","parentCode":"3012"},"geometry":{"type":"Polygon","coordinates":[[[102.36529177700004,15.607250532000023],[102.24646325800006,15.613700977000065],[102.23307480800008,15.607280117000073],[102.24704427100005,15.547412526000073],[102.26046565200005,15.54095866700004],[102.28756696400006,15.573834273000045],[102.34513339400007,15.56780088000005],[102.36529177700004,15.607250532000023]]]}},{"type":"Feature","properties":{"code":"300119","name":"หนองบัวศาลา","parentCode":"3001"},"geometry":{"type":"Polygon","coordinates":[[[102.15802772200004,14.949572772000067],[102.12213563600005,14.944783847000053],[102.14860888900006,14.901553164000063],[102.14295008900007,14.858125757000039],[102.18778850700005,14.894740436000063],[102.15802772200004,14.949572772000067]]]}},{"type":"Feature","properties":{"code":"300811","name":"หนองบัวตะเกียด","parentCode":"3008"},"geometry":{"type":"Polygon","coordinates":[[[101.88950128500005,15.344921802000044],[101.82645502300005,15.320973413000047],[101.79660787900008,15.333363184000063],[101.79500515500007,15.282240245000025],[101.75961658700004,15.246051583000053],[101.76213535800008,15.225087256000052],[101.82642686200006,15.227121128000022],[101.85678452300004,15.29331989900004],[101.88950128500005,15.344921802000044]]]}},{"type":"Feature","properties":{"code":"302201","name":"หนองบุนนาก","parentCode":"3022"},"geometry":{"type":"Polygon","coordinates":[[[102.46040148700007,14.710581949000073],[102.41740960800007,14.725221470000065],[102.41411415700009,14.708603724000056],[102.43913839800007,14.645382658000074],[102.37228950700006,14.606898229000024],[102.41728424700005,14.595946405000063],[102.43141045800007,14.591941144000032],[102.47115154600004,14.614545631000055],[102.47545853100007,14.65538871800004],[102.46040148700007,14.710581949000073]]]}},{"type":"Feature","properties":{"code":"300103","name":"หนองจะบก","parentCode":"3001"},"geometry":{"type":"MultiPolygon","coordinates":[[[[102.06638802500004,14.95045478000003],[102.05749526000005,14.950342780000028],[102.04646733400006,14.913416939000058],[102.03814562900004,14.874268209000036],[102.07245714700008,14.87079056600004],[102.06852558800006,14.920636628000068],[102.06638802500004,14.95045478000003]]],[[[102.07509894700007,14.99515787200005],[102.06562047200003,15.021318206000046],[102.05381908900006,15.015152397000065],[102.06478199600008,14.994061510000051],[102.07509894700007,14.99515787200005]]]]}},{"type":"Feature","properties":{"code":"301224","name":"หนองแจ้งใหญ่","parentCode":"3012"},"geometry":{"type":"Polygon","coordinates":[[[102.40082000100006,15.590669372000036],[102.36529177700004,15.607250532000023],[102.34513339400007,15.56780088000005],[102.34338807000006,15.530903547000037],[102.41225603300006,15.551741285000048],[102.40808294500005,15.576734225000052],[102.40082000100006,15.590669372000036]]]}},{"type":"Feature","properties":{"code":"302805","name":"หนองหอย","parentCode":"3028"},"geometry":{"type":"Polygon","coordinates":[[[102.04402137200003,15.41502065000003],[102.01558912900003,15.448778994000065],[102.04439690300006,15.365501903000052],[102.03580918600005,15.304368477000025],[102.07494719900006,15.285082286000033],[102.10085920700004,15.308068884000022],[102.11061793400006,15.311642902000074],[102.06112191000005,15.35474382700005],[102.07072131600006,15.376897858000063],[102.04402137200003,15.41502065000003]]]}},{"type":"Feature","properties":{"code":"301106","name":"หนองหัวฟาน","parentCode":"3011"},"geometry":{"type":"Polygon","coordinates":[[[102.27911529500005,15.415346549000049],[102.22675005800005,15.466171531000043],[102.18928486800007,15.462328439000032],[102.18346860600008,15.462099282000054],[102.17783675700008,15.410652102000029],[102.18771010100005,15.404431301000045],[102.29624979100004,15.40168813200006],[102.29446786600005,15.405168527000058],[102.27911529500005,15.415346549000049]]]}},{"type":"Feature","properties":{"code":"302204","name":"หนองหัวแรต","parentCode":"3022"},"geometry":{"type":"Polygon","coordinates":[[[102.41411415700009,14.708603724000056],[102.41740960800007,14.725221470000065],[102.41742565100009,14.725291949000052],[102.37271593800006,14.739646478000054],[102.27949253100007,14.759738275000075],[102.26719925300006,14.677533867000022],[102.37648545100006,14.680466226000021],[102.41411415700009,14.708603724000056]]]}},{"type":"Feature","properties":{"code":"301308","name":"หนองค่าย","parentCode":"3013"},"geometry":{"type":"Polygon","coordinates":[[[102.77095161400007,15.62867366300003],[102.73331694300003,15.609076318000064],[102.73984762300006,15.560565797000038],[102.74634620300009,15.56119203000003],[102.78057649100003,15.563569599000061],[102.78289337700005,15.590327524000031],[102.77095161400007,15.62867366300003]]]}},{"type":"Feature","properties":{"code":"300125","name":"หนองไข่น้ำ","parentCode":"3001"},"geometry":{"type":"Polygon","coordinates":[[[102.21073710600007,15.120010515000047],[102.18226917100009,15.139949826000077],[102.13607338400004,15.12407390800007],[102.14172165200006,15.076283490000037],[102.17089685700006,15.070896524000034],[102.21073710600007,15.120010515000047]]]}},{"type":"Feature","properties":{"code":"300605","name":"หนองขาม","parentCode":"3006"},"geometry":{"type":"Polygon","coordinates":[[[102.46255399900008,14.990251195000042],[102.45061334900004,14.996204915000021],[102.46903980000008,14.91335994900004],[102.49420626700004,14.903090423000037],[102.54785895100008,14.854820653000047],[102.55204089200004,14.859822117000022],[102.56659899500005,14.93024594600007],[102.54578762600005,14.946877288000053],[102.53764912700007,14.963438161000056],[102.48920939200008,14.963514021000037],[102.46255399900008,14.990251195000042]]]}},{"type":"Feature","properties":{"code":"300810","name":"หนองกราด","parentCode":"3008"},"geometry":{"type":"Polygon","coordinates":[[[101.66885490600004,15.399658742000042],[101.61910164200003,15.370439562000058],[101.56605521700004,15.37196061800006],[101.57754254000008,15.333516759000076],[101.61450041500007,15.307709783000064],[101.71817009500006,15.300005958000042],[101.73265591600006,15.342028196000058],[101.77100348700009,15.353646294000043],[101.78467074500008,15.38826823200003],[101.72601680700006,15.384284616000059],[101.66885490600004,15.399658742000042]]]}},{"type":"Feature","properties":{"code":"300124","name":"หนองกระทุ่ม","parentCode":"3001"},"geometry":{"type":"Polygon","coordinates":[[[102.08483637000006,15.03284360400005],[102.07901761800008,15.045997998000075],[102.06562047200003,15.021318206000046],[102.07509894700007,14.99515787200005],[102.09647041700003,14.995244341000046],[102.08483637000006,15.03284360400005]]]}},{"type":"Feature","properties":{"code":"301714","name":"หนองหลัก","parentCode":"3017"},"geometry":{"type":"Polygon","coordinates":[[[102.75444120000009,15.431263426000044],[102.70020335500004,15.452792741000053],[102.69005306400004,15.411017661000074],[102.68944002600006,15.380083533000061],[102.70544153400004,15.380116368000074],[102.77794580200003,15.384815436000054],[102.75444120000009,15.431263426000044]]]}},{"type":"Feature","properties":{"code":"302208","name":"หนองไม้ไผ่","parentCode":"3022"},"geometry":{"type":"Polygon","coordinates":[[[102.37648545100006,14.680466226000021],[102.26719925300006,14.677533867000022],[102.26353716000006,14.654612821000057],[102.27010664500006,14.61342772100005],[102.33400466800003,14.600623514000063],[102.36653523100006,14.620021465000036],[102.37648545100006,14.680466226000021]]]}},{"type":"Feature","properties":{"code":"300406","name":"หนองมะนาว","parentCode":"3004"},"geometry":{"type":"Polygon","coordinates":[[[102.26046565200005,15.54095866700004],[102.24704427100005,15.547412526000073],[102.22077542100004,15.520209710000074],[102.22743045700008,15.498170807000065],[102.29089110600006,15.458237373000031],[102.33149349900003,15.504188405000036],[102.26046565200005,15.54095866700004]]]}},{"type":"Feature","properties":{"code":"302110","name":"หนองน้ำแดง","parentCode":"3021"},"geometry":{"type":"Polygon","coordinates":[[[101.42185255000004,14.584322555000028],[101.40923229000003,14.663054079000062],[101.34518276700004,14.65730497800007],[101.30427550300004,14.571952037000074],[101.31042436400008,14.555747426000039],[101.37484442800007,14.549790135000023],[101.42185255000004,14.584322555000028]]]}},{"type":"Feature","properties":{"code":"302007","name":"หนองน้ำใส","parentCode":"3020"},"geometry":{"type":"Polygon","coordinates":[[[101.54939943100004,14.933277811000039],[101.51182963100007,14.984109363000073],[101.46905433800003,14.952467544000058],[101.43098711900006,14.97027304200003],[101.44856781000004,14.902157604000024],[101.48066148000004,14.862057391000064],[101.51439011800005,14.932041552000044],[101.54939943100004,14.933277811000039]]]}},{"type":"Feature","properties":{"code":"303204","name":"หนองงูเหลือม","parentCode":"3032"},"geometry":{"type":"Polygon","coordinates":[[[102.23327302500007,15.084126854000033],[102.21073710600007,15.120010515000047],[102.21678307500008,15.018333377000033],[102.24728720000007,15.017950099000075],[102.26195470600004,15.03719542500005],[102.23327302500007,15.084126854000033]]]}},{"type":"Feature","properties":{"code":"300110","name":"หนองไผ่ล้อม","parentCode":"3001"},"geometry":{"type":"Polygon","coordinates":[[[102.10777579600006,14.956437804000075],[102.06638802500004,14.95045478000003],[102.06852558800006,14.920636628000068],[102.10777579600006,14.956437804000075]]]}},{"type":"Feature","properties":{"code":"300607","name":"หนองพลวง","parentCode":"3006"},"geometry":{"type":"Polygon","coordinates":[[[102.38672764800003,15.126167468000062],[102.37883908500004,15.13382933500003],[102.36354704900003,15.085773606000032],[102.38858745100003,15.059779616000071],[102.45048548700004,15.067849650000028],[102.40397673300004,15.081535547000044],[102.38672764800003,15.126167468000062]]]}},{"type":"Feature","properties":{"code":"301307","name":"หนองพลวง","parentCode":"3013"},"geometry":{"type":"Polygon","coordinates":[[[102.73331694300003,15.609076318000064],[102.69655903000006,15.604194671000073],[102.67081498500005,15.563059088000045],[102.67535050900005,15.557392374000074],[102.73984762300006,15.560565797000038],[102.73331694300003,15.609076318000064]]]}},{"type":"Feature","properties":{"code":"300106","name":"หนองระเวียง","parentCode":"3001"},"geometry":{"type":"Polygon","coordinates":[[[102.21418952300007,14.992135478000023],[102.18126133100009,14.96438777000003],[102.15926825400004,14.949623692000046],[102.15802772200004,14.949572772000067],[102.18778850700005,14.894740436000063],[102.20873387500006,14.901675928000031],[102.22830407800006,14.91832742400004],[102.21418952300007,14.992135478000023]]]}},{"type":"Feature","properties":{"code":"301512","name":"หนองระเวียง","parentCode":"3015"},"geometry":{"type":"Polygon","coordinates":[[[102.45849740100005,15.151109602000076],[102.44198915800007,15.166685336000057],[102.38672764800003,15.126167468000062],[102.40397673300004,15.081535547000044],[102.45048548700004,15.067849650000028],[102.48406908000004,15.08130950900005],[102.49036809000006,15.087113470000077],[102.45849740100005,15.151109602000076]]]}},{"type":"Feature","properties":{"code":"300818","name":"หนองไทร","parentCode":"3008"},"geometry":{"type":"Polygon","coordinates":[[[101.87849963900004,15.389251178000052],[101.83854254500005,15.414719767000065],[101.82645502300005,15.320973413000047],[101.88950128500005,15.344921802000044],[101.89317155500004,15.364935115000037],[101.87849963900004,15.389251178000052]]]}},{"type":"Feature","properties":{"code":"302106","name":"หนองสาหร่าย","parentCode":"3021"},"geometry":{"type":"Polygon","coordinates":[[[101.54854139200006,14.776333692000037],[101.55597757800007,14.847729467000022],[101.46956251300008,14.731765256000074],[101.40272037400007,14.736944315000073],[101.45547878400004,14.673888556000065],[101.48310577100006,14.615590084000075],[101.57176172300007,14.620093216000043],[101.57333868500007,14.633797166000022],[101.56142213100009,14.650986841000076],[101.50355837600006,14.67812579100007],[101.54218635500007,14.732027510000023],[101.54854139200006,14.776333692000037]]]}},{"type":"Feature","properties":{"code":"301904","name":"หนองสรวง","parentCode":"3019"},"geometry":{"type":"Polygon","coordinates":[[[101.88883892000007,15.110604496000065],[101.83553933500008,15.073972130000072],[101.87096544100007,15.056813711000075],[101.90975086700007,15.062444382000024],[101.95829526600005,15.093342238000048],[101.90713829400005,15.105997912000078],[101.88883892000007,15.110604496000065]]]}},{"type":"Feature","properties":{"code":"301810","name":"หนองตะไก้","parentCode":"3018"},"geometry":{"type":"Polygon","coordinates":[[[101.96510301600006,14.830687358000034],[101.87646906200007,14.852343432000055],[101.85607094300008,14.801336371000048],[101.86341221500004,14.704611370000066],[101.89560888900007,14.717457075000027],[101.89093519600004,14.758232667000073],[101.96838141800004,14.822995040000023],[101.96510301600006,14.830687358000034]]]}},{"type":"Feature","properties":{"code":"302206","name":"หนองตะไก้","parentCode":"3022"},"geometry":{"type":"Polygon","coordinates":[[[102.37228950700006,14.606898229000024],[102.43913839800007,14.645382658000074],[102.41411415700009,14.708603724000056],[102.37648545100006,14.680466226000021],[102.36653523100006,14.620021465000036],[102.37228950700006,14.606898229000024]]]}},{"type":"Feature","properties":{"code":"303105","name":"หนองตาดใหญ่","parentCode":"3031"},"geometry":{"type":"Polygon","coordinates":[[[102.61731840100003,15.639766786000052],[102.60281505100005,15.66979133600006],[102.56655355300006,15.62370713000007],[102.55961917600007,15.594897541000023],[102.62361093200008,15.57302609800007],[102.61895243100008,15.607221707000065],[102.61731840100003,15.639766786000052]]]}},{"type":"Feature","properties":{"code":"303004","name":"หนองหว้า","parentCode":"3030"},"geometry":{"type":"Polygon","coordinates":[[[102.59780691900005,15.712458140000024],[102.55541717700004,15.70435370000007],[102.54232242200004,15.67861823800007],[102.54932621100005,15.625855970000032],[102.56655355300006,15.62370713000007],[102.60281505100005,15.66979133600006],[102.59780691900005,15.712458140000024]]]}},{"type":"Feature","properties":{"code":"302602","name":"หนองแวง","parentCode":"3026"},"geometry":{"type":"Polygon","coordinates":[[[101.49114015500004,15.276586802000054],[101.38115872600008,15.287089471000058],[101.38758359600007,15.228467852000051],[101.47870069000004,15.232641473000058],[101.49695696100008,15.201857183000072],[101.55128088000004,15.20274052800005],[101.60054002100009,15.215332895000074],[101.59169575700008,15.248986726000055],[101.49114015500004,15.276586802000054]]]}},{"type":"Feature","properties":{"code":"302005","name":"หนองหญ้าขาว","parentCode":"3020"},"geometry":{"type":"Polygon","coordinates":[[[101.65730546100008,14.954208311000059],[101.58744289000003,14.982352394000031],[101.51551942700007,15.056144237000069],[101.48752416000008,15.065916084000037],[101.51182963100007,14.984109363000073],[101.54939943100004,14.933277811000039],[101.61268648500004,14.898393807000048],[101.66061433300007,14.910973108000064],[101.65730546100008,14.954208311000059]]]}},{"type":"Feature","properties":{"code":"303205","name":"หนองยาง","parentCode":"3032"},"geometry":{"type":"Polygon","coordinates":[[[102.32968185700008,14.937437115000023],[102.25520114300008,14.987279061000038],[102.23759298500005,14.91345188200006],[102.31452416500008,14.867344355000057],[102.34052198800003,14.89598243100005],[102.32968185700008,14.937437115000023]]]}},{"type":"Feature","properties":{"code":"300207","name":"อรพิมพ์","parentCode":"3002"},"geometry":{"type":"Polygon","coordinates":[[[102.21834633100008,14.52608407100007],[102.23531101400005,14.608607899000049],[102.17097929200008,14.592144570000073],[102.17596050400005,14.583020905000069],[102.16831425200007,14.558131742000057],[102.21834633100008,14.52608407100007]]]}},{"type":"Feature","properties":{"code":"302101","name":"ปากช่อง","parentCode":"3021"},"geometry":{"type":"Polygon","coordinates":[[[101.40272037400007,14.736944315000073],[101.40845731500008,14.769519675000026],[101.36809988300007,14.80556914500005],[101.29859261000007,14.73715760600004],[101.26704332600008,14.728659439000069],[101.34518276700004,14.65730497800007],[101.40923229000003,14.663054079000062],[101.45547878400004,14.673888556000065],[101.40272037400007,14.736944315000073]]]}},{"type":"Feature","properties":{"code":"301105","name":"พะงาด","parentCode":"3011"},"geometry":{"type":"Polygon","coordinates":[[[102.15885422000008,15.279384082000036],[102.16977221600007,15.316511008000077],[102.13590705200005,15.388023580000038],[102.12318921100007,15.387547545000075],[102.13706052800006,15.30871503700007],[102.15885422000008,15.279384082000036]]]}},{"type":"Feature","properties":{"code":"300808","name":"พันชนะ","parentCode":"3008"},"geometry":{"type":"Polygon","coordinates":[[[101.71817009500006,15.300005958000042],[101.61450041500007,15.307709783000064],[101.63422103400006,15.239466624000045],[101.75497440800007,15.224930304000054],[101.76213535800008,15.225087256000052],[101.75961658700004,15.246051583000053],[101.72046033700008,15.265763487000072],[101.71817009500006,15.300005958000042]]]}},{"type":"Feature","properties":{"code":"301903","name":"พันดุง","parentCode":"3019"},"geometry":{"type":"Polygon","coordinates":[[[101.98066662500008,15.089998559000037],[101.95829526600005,15.093342238000048],[101.90975086700007,15.062444382000024],[101.99238433200009,15.039389595000046],[101.99500752100005,15.085260193000067],[101.98066662500008,15.089998559000037]]]}},{"type":"Feature","properties":{"code":"300123","name":"พะเนา","parentCode":"3001"},"geometry":{"type":"Polygon","coordinates":[[[102.21418952300007,14.992135478000023],[102.21644199800005,15.010922031000064],[102.17080668800008,14.996052883000061],[102.17080100300007,14.995947735000072],[102.18126133100009,14.96438777000003],[102.21418952300007,14.992135478000023]]]}},{"type":"Feature","properties":{"code":"302803","name":"พังเทียม","parentCode":"3028"},"geometry":{"type":"Polygon","coordinates":[[[102.04439690300006,15.365501903000052],[102.00294205800009,15.339704373000075],[101.94681966800005,15.285120003000031],[101.94398410100007,15.24729788600007],[101.97921560600008,15.220947238000065],[102.01817572600004,15.25270194500007],[102.03580918600005,15.304368477000025],[102.04439690300006,15.365501903000052]]]}},{"type":"Feature","properties":{"code":"302112","name":"พญาเย็น","parentCode":"3021"},"geometry":{"type":"Polygon","coordinates":[[[101.25043960800008,14.732098568000026],[101.19813731900007,14.755787127000076],[101.18508478800004,14.721791573000075],[101.20406246200008,14.650291909000032],[101.21581990800007,14.590527120000047],[101.18144376700008,14.547400271000072],[101.24283172200006,14.471104316000037],[101.28368800300007,14.502587747000064],[101.31042436400008,14.555747426000039],[101.30427550300004,14.571952037000074],[101.24413910200008,14.605501511000057],[101.22419019000006,14.67202908300004],[101.24967130200008,14.678189833000033],[101.25043960800008,14.732098568000026]]]}},{"type":"Feature","properties":{"code":"302904","name":"ไพล","parentCode":"3029"},"geometry":{"type":"Polygon","coordinates":[[[102.95509740300008,15.38273395300007],[102.93978757700006,15.383158795000043],[102.93309447400009,15.369203470000059],[102.92351006600006,15.31580297000005],[102.95214402100004,15.313304778000031],[102.97741206500007,15.344071167000038],[102.95509740300008,15.38273395300007]]]}},{"type":"Feature","properties":{"code":"300702","name":"พลับพลา","parentCode":"3007"},"geometry":{"type":"Polygon","coordinates":[[[102.14176206700006,14.804311548000044],[102.10386992200006,14.836313671000028],[102.10650982700008,14.791351520000035],[102.11399611300004,14.713096732000054],[102.13498905700004,14.694849458000022],[102.16382967000004,14.712108342000022],[102.14176206700006,14.804311548000044]]]}},{"type":"Feature","properties":{"code":"300102","name":"โพธิ์กลาง","parentCode":"3001"},"geometry":{"type":"Polygon","coordinates":[[[102.12213563600005,14.944783847000053],[102.10972582100004,14.957486795000023],[102.10777579600006,14.956437804000075],[102.06852558800006,14.920636628000068],[102.07245714700008,14.87079056600004],[102.13565271100003,14.859656876000031],[102.14295008900007,14.858125757000039],[102.14860888900006,14.901553164000063],[102.12213563600005,14.944783847000053]]]}},{"type":"Feature","properties":{"code":"300109","name":"พลกรัง","parentCode":"3001"},"geometry":{"type":"Polygon","coordinates":[[[102.03557851500005,14.99776098600006],[101.99245077200004,15.036525328000039],[101.98092137000003,15.016641014000072],[102.03290748900008,14.994203657000071],[102.03557851500005,14.99776098600006]]]}},{"type":"Feature","properties":{"code":"301009","name":"พลสงคราม","parentCode":"3010"},"geometry":{"type":"Polygon","coordinates":[[[102.28770189600004,15.244395116000078],[102.28405950200005,15.294543815000054],[102.31176384700007,15.384125521000044],[102.29091992200006,15.371092875000045],[102.25548987300004,15.348519647000046],[102.23495679300004,15.272893938000038],[102.25928603900007,15.240369548000047],[102.28770189600004,15.244395116000078]]]}},{"type":"Feature","properties":{"code":"303102","name":"โพนทอง","parentCode":"3031"},"geometry":{"type":"Polygon","coordinates":[[[102.60825700600009,15.530932244000041],[102.61848179100008,15.550025399000049],[102.55210369000008,15.546902025000065],[102.52181617500008,15.550612578000027],[102.50286278700008,15.512245516000064],[102.52696070800005,15.480795817000057],[102.53641502300007,15.534367970000062],[102.60825700600009,15.530932244000041]]]}},{"type":"Feature","properties":{"code":"303203","name":"พระพุทธ","parentCode":"3032"},"geometry":{"type":"Polygon","coordinates":[[[102.24728720000007,15.017950099000075],[102.21678307500008,15.018333377000033],[102.21644199800005,15.010922031000064],[102.21418952300007,14.992135478000023],[102.22830407800006,14.91832742400004],[102.23759298500005,14.91345188200006],[102.25520114300008,14.987279061000038],[102.24728720000007,15.017950099000075]]]}},{"type":"Feature","properties":{"code":"301416","name":"ภูหลวง","parentCode":"3014"},"geometry":{"type":"Polygon","coordinates":[[[102.00890564400004,14.634262868000064],[101.97118038100007,14.639179099000046],[101.94949877700009,14.607826700000032],[101.93326608400008,14.598724004000076],[101.89297622600009,14.535123655000064],[102.01300534900008,14.57899907600006],[102.00890564400004,14.634262868000064]]]}},{"type":"Feature","properties":{"code":"300114","name":"พุดซา","parentCode":"3001"},"geometry":{"type":"Polygon","coordinates":[[[102.04471380600006,15.073197815000071],[101.99500752100005,15.085260193000067],[101.99238433200009,15.039389595000046],[101.99245077200004,15.036525328000039],[102.03557851500005,14.99776098600006],[102.05381908900006,15.015152397000065],[102.06562047200003,15.021318206000046],[102.07901761800008,15.045997998000075],[102.09405017700004,15.051108085000067],[102.08120080100008,15.076524562000031],[102.04471380600006,15.073197815000071]]]}},{"type":"Feature","properties":{"code":"301902","name":"โป่งแดง","parentCode":"3019"},"geometry":{"type":"Polygon","coordinates":[[[101.92887754900005,15.003137999000046],[101.89049216600006,15.013237670000024],[101.90006994700008,14.944738252000036],[101.94192737600008,14.931228524000062],[101.94540398500004,14.935666621000053],[101.92887754900005,15.003137999000046]]]}},{"type":"Feature","properties":{"code":"302108","name":"โป่งตาลอง","parentCode":"3021"},"geometry":{"type":"Polygon","coordinates":[[[101.53858303500004,14.559195805000058],[101.48094680500009,14.56738669200007],[101.50107307700006,14.517442610000046],[101.48290830300004,14.462479889000065],[101.53974621800006,14.425162319000037],[101.58403176600007,14.440349884000057],[101.62278523200007,14.42772321800004],[101.64727909400006,14.425921576000064],[101.64631448800009,14.485965704000023],[101.62011731600006,14.516961267000056],[101.59141454500008,14.498124377000067],[101.53858303500004,14.559195805000058]]]}},{"type":"Feature","properties":{"code":"301702","name":"ประสุข","parentCode":"3017"},"geometry":{"type":"Polygon","coordinates":[[[102.70544153400004,15.380116368000074],[102.68944002600006,15.380083533000061],[102.63297546600006,15.359373821000077],[102.62542074600003,15.299194380000074],[102.69579975400006,15.307471855000074],[102.75161378400009,15.305052285000045],[102.71510523500007,15.335717565000039],[102.70544153400004,15.380116368000074]]]}},{"type":"Feature","properties":{"code":"301301","name":"ประทาย","parentCode":"3013"},"geometry":{"type":"Polygon","coordinates":[[[102.73984762300006,15.560565797000038],[102.67535050900005,15.557392374000074],[102.70921626700004,15.526451251000026],[102.72603623600008,15.500401087000057],[102.75088288500007,15.50474147600005],[102.74634620300009,15.56119203000003],[102.73984762300006,15.560565797000038]]]}},{"type":"Feature","properties":{"code":"300107","name":"ปรุใหญ่","parentCode":"3001"},"geometry":{"type":"MultiPolygon","coordinates":[[[[102.04646733400006,14.913416939000058],[102.05749526000005,14.950342780000028],[102.04471161200007,14.948938369000075],[102.04646733400006,14.913416939000058]]],[[[102.05381908900006,15.015152397000065],[102.03557851500005,14.99776098600006],[102.03290748900008,14.994203657000071],[102.03878152700008,14.97945928200005],[102.04794917700008,14.968717061000063],[102.06478199600008,14.994061510000051],[102.05381908900006,15.015152397000065]]]]}},{"type":"Feature","properties":{"code":"301506","name":"รังกาใหญ่","parentCode":"3015"},"geometry":{"type":"Polygon","coordinates":[[[102.60939733400005,15.152787343000057],[102.56576378300008,15.249630582000066],[102.52814607800008,15.236103674000049],[102.51075803700007,15.165787606000038],[102.52533979600008,15.141517864000036],[102.58476258300004,15.156738677000021],[102.60939733400005,15.152787343000057]]]}},{"type":"Feature","properties":{"code":"302503","name":"ระเริง","parentCode":"3025"},"geometry":{"type":"Polygon","coordinates":[[[101.76808867400007,14.517493998000077],[101.75706689400005,14.55016426900005],[101.78715111000008,14.608526849000043],[101.75999592900007,14.60313872000006],[101.73233027200007,14.644260046000056],[101.68040675800006,14.582187145000034],[101.74396271900008,14.50082044800007],[101.76808867400007,14.517493998000077]]]}},{"type":"Feature","properties":{"code":"300809","name":"สระจรเข้","parentCode":"3008"},"geometry":{"type":"Polygon","coordinates":[[[101.87779258100005,15.186702656000023],[101.87255130800008,15.20832009000003],[101.83444032900007,15.207179336000024],[101.79040115900006,15.192436813000029],[101.75800819500006,15.112752339000053],[101.80651293300008,15.06833068900005],[101.80777361700007,15.09423868500005],[101.83069212600009,15.15397230700006],[101.88013393100005,15.17379634100007],[101.87779258100005,15.186702656000023]]]}},{"type":"Feature","properties":{"code":"302801","name":"สระพระ","parentCode":"3028"},"geometry":{"type":"Polygon","coordinates":[[[102.00294205800009,15.339704373000075],[101.95719805500005,15.358150666000029],[101.92411379400005,15.33618281400004],[101.92350707300005,15.305507056000067],[101.94681966800005,15.285120003000031],[102.00294205800009,15.339704373000075]]]}},{"type":"Feature","properties":{"code":"300302","name":"สระตะเคียน","parentCode":"3003"},"geometry":{"type":"Polygon","coordinates":[[[102.56499064100007,14.40466407200006],[102.48216208500008,14.405230971000037],[102.42453292600004,14.396715585000038],[102.45427354200007,14.350135566000063],[102.49911702000009,14.328182466000044],[102.50288217900004,14.272722887000043],[102.54835399100006,14.263818125000057],[102.57790264400006,14.226730879000058],[102.68629543300005,14.299173804000077],[102.63730944600007,14.327076735000048],[102.60266133600004,14.32251711300006],[102.56294269800009,14.375135356000044],[102.56499064100007,14.40466407200006]]]}},{"type":"Feature","properties":{"code":"300212","name":"สระว่านพระยา","parentCode":"3002"},"geometry":{"type":"Polygon","coordinates":[[[102.43141045800007,14.591941144000032],[102.41728424700005,14.595946405000063],[102.38920778900007,14.540067552000039],[102.34990756000008,14.543425156000069],[102.32707067100006,14.493203251000068],[102.38773765300004,14.484091251000052],[102.43141045800007,14.591941144000032]]]}},{"type":"Feature","properties":{"code":"300908","name":"สายออ","parentCode":"3009"},"geometry":{"type":"Polygon","coordinates":[[[102.07494719900006,15.285082286000033],[102.03580918600005,15.304368477000025],[102.01817572600004,15.25270194500007],[101.97921560600008,15.220947238000065],[101.97852489000007,15.21566329500007],[102.01371559600005,15.208993365000026],[102.02507904600009,15.252485754000077],[102.07185608500004,15.25923683800005],[102.07494719900006,15.285082286000033]]]}},{"type":"Feature","properties":{"code":"301411","name":"สะแกราช","parentCode":"3014"},"geometry":{"type":"Polygon","coordinates":[[[102.04325350400006,14.648520588000054],[102.03573524100005,14.66097676000004],[102.01251382600009,14.655974832000027],[102.00890564400004,14.634262868000064],[102.01300534900008,14.57899907600006],[102.04732133500005,14.545312240000044],[102.08262640100008,14.575138302000028],[102.10265630400005,14.62815438900003],[102.04325350400006,14.648520588000054]]]}},{"type":"Feature","properties":{"code":"303104","name":"สามเมือง","parentCode":"3031"},"geometry":{"type":"Polygon","coordinates":[[[102.56655355300006,15.62370713000007],[102.54932621100005,15.625855970000032],[102.51416772300007,15.623143628000037],[102.50637652200004,15.610728993000066],[102.52181617500008,15.550612578000027],[102.55210369000008,15.546902025000065],[102.55961917600007,15.594897541000023],[102.56655355300006,15.62370713000007]]]}},{"type":"Feature","properties":{"code":"302403","name":"สำพะเนียง","parentCode":"3024"},"geometry":{"type":"Polygon","coordinates":[[[102.59239380600008,15.479946478000045],[102.52696070800005,15.480795817000057],[102.52436025500003,15.46286912000005],[102.53221444800005,15.444933969000033],[102.57889665400006,15.421553753000069],[102.60757161700008,15.445741859000066],[102.59239380600008,15.479946478000045]]]}},{"type":"Feature","properties":{"code":"302601","name":"สำนักตะคร้อ","parentCode":"3026"},"geometry":{"type":"Polygon","coordinates":[[[101.61450041500007,15.307709783000064],[101.57754254000008,15.333516759000076],[101.49093033400004,15.31811417800003],[101.49114015500004,15.276586802000054],[101.59169575700008,15.248986726000055],[101.63422103400006,15.239466624000045],[101.61450041500007,15.307709783000064]]]}},{"type":"Feature","properties":{"code":"301502","name":"สัมฤทธิ์","parentCode":"3015"},"geometry":{"type":"Polygon","coordinates":[[[102.47614391000008,15.206021191000048],[102.42112075200004,15.244815625000058],[102.36676339500008,15.212465813000051],[102.37053959400004,15.199483508000071],[102.37760382000005,15.185989497000037],[102.43362210700008,15.17341196700005],[102.47614391000008,15.206021191000048]]]}},{"type":"Feature","properties":{"code":"300904","name":"สำโรง","parentCode":"3009"},"geometry":{"type":"Polygon","coordinates":[[[102.05294400900004,15.166628333000062],[102.02148422700009,15.178913843000032],[101.98982711800005,15.170185831000026],[102.00014493400005,15.109545713000045],[101.98066662500008,15.089998559000037],[101.99500752100005,15.085260193000067],[102.04471380600006,15.073197815000071],[102.03186499600008,15.093524949000027],[102.05294400900004,15.166628333000062]]]}},{"type":"Feature","properties":{"code":"301404","name":"สำโรง","parentCode":"3014"},"geometry":{"type":"Polygon","coordinates":[[[102.12125421300004,14.636024809000048],[102.08150945100004,14.681067237000036],[102.04325350400006,14.648520588000054],[102.10265630400005,14.62815438900003],[102.12125421300004,14.636024809000048]]]}},{"type":"Feature","properties":{"code":"301704","name":"สาหร่าย","parentCode":"3017"},"geometry":{"type":"Polygon","coordinates":[[[102.77547674300007,15.198141552000038],[102.66874129000007,15.189614471000027],[102.67135174100008,15.16630519000006],[102.69352678900003,15.143021063000049],[102.74005561600006,15.157955069000025],[102.77547674300007,15.198141552000038]]]}},{"type":"Feature","properties":{"code":"302202","name":"สารภี","parentCode":"3022"},"geometry":{"type":"Polygon","coordinates":[[[102.45297836900005,14.844559213000025],[102.38172382700009,14.849335300000064],[102.39092879500004,14.777334659000076],[102.41826034200005,14.774111274000063],[102.45129284800004,14.770757626000034],[102.45789928600004,14.835097868000048],[102.45297836900005,14.844559213000025]]]}},{"type":"Feature","properties":{"code":"301802","name":"เสมา","parentCode":"3018"},"geometry":{"type":"Polygon","coordinates":[[[101.83608466200008,14.99415537300007],[101.81825425900007,15.005705790000036],[101.81937831900007,15.074451100000033],[101.80651293300008,15.06833068900005],[101.78699661100006,15.05132915200005],[101.76945747500008,15.010791178000034],[101.77168196000008,14.941203960000053],[101.78442758700004,14.898425406000058],[101.81946583400008,14.922514526000043],[101.80783853000008,14.982951984000067],[101.83608466200008,14.99415537300007]]]}},{"type":"Feature","properties":{"code":"301204","name":"เสมาใหญ่","parentCode":"3012"},"geometry":{"type":"Polygon","coordinates":[[[102.44003792900008,15.554282392000061],[102.41255617300004,15.550992482000026],[102.39924744700005,15.489006893000067],[102.44252676600007,15.468619756000066],[102.46338680000008,15.526371079000057],[102.46236114500005,15.535683576000054],[102.44003792900008,15.554282392000061]]]}},{"type":"Feature","properties":{"code":"300610","name":"ศรีละกอ","parentCode":"3006"},"geometry":{"type":"Polygon","coordinates":[[[102.45061334900004,14.996204915000021],[102.39500210200003,14.983922883000048],[102.37684526600003,14.913696299000037],[102.47328424700004,14.87430788100005],[102.49420626700004,14.903090423000037],[102.46903980000008,14.91335994900004],[102.45061334900004,14.996204915000021]]]}},{"type":"Feature","properties":{"code":"300121","name":"สีมุม","parentCode":"3001"},"geometry":{"type":"Polygon","coordinates":[[[102.03290748900008,14.994203657000071],[101.98092137000003,15.016641014000072],[101.97464015700007,15.007155411000042],[101.99430707300007,14.964105801000073],[102.03878152700008,14.97945928200005],[102.03290748900008,14.994203657000071]]]}},{"type":"Feature","properties":{"code":"300604","name":"สีสุก","parentCode":"3006"},"geometry":{"type":"Polygon","coordinates":[[[102.37684526600003,14.913696299000037],[102.32968185700008,14.937437115000023],[102.34052198800003,14.89598243100005],[102.31452416500008,14.867344355000057],[102.32079107800007,14.856298552000055],[102.34890846400003,14.826377059000038],[102.38172382700009,14.849335300000064],[102.45297836900005,14.844559213000025],[102.47328424700004,14.87430788100005],[102.37684526600003,14.913696299000037]]]}},{"type":"Feature","properties":{"code":"302304","name":"สีสุก","parentCode":"3023"},"geometry":{"type":"Polygon","coordinates":[[[102.19370831600008,15.684606870000039],[102.15309470700004,15.71701590400005],[102.13211786100004,15.674906067000052],[102.12131454100006,15.64615154300003],[102.16039508100005,15.630090431000042],[102.19348377000006,15.615138840000043],[102.16685483200007,15.659693090000076],[102.19370831600008,15.684606870000039]]]}},{"type":"Feature","properties":{"code":"303101","name":"สีดา","parentCode":"3031"},"geometry":{"type":"Polygon","coordinates":[[[102.62361093200008,15.57302609800007],[102.55961917600007,15.594897541000023],[102.55210369000008,15.546902025000065],[102.61848179100008,15.550025399000049],[102.62361093200008,15.57302609800007]]]}},{"type":"Feature","properties":{"code":"302001","name":"สีคิ้ว","parentCode":"3020"},"geometry":{"type":"Polygon","coordinates":[[[101.66037175400004,14.952963737000061],[101.65730546100008,14.954208311000059],[101.66061433300007,14.910973108000064],[101.68712166600005,14.875268542000072],[101.78480942000004,14.889606910000055],[101.78442758700004,14.898425406000058],[101.66037175400004,14.952963737000061]]]}},{"type":"Feature","properties":{"code":"300301","name":"เสิงสาง","parentCode":"3003"},"geometry":{"type":"Polygon","coordinates":[[[102.48562964300004,14.465401272000065],[102.44519344600008,14.481481970000061],[102.37967548900008,14.463585375000036],[102.37873884800007,14.422370302000047],[102.37236940300005,14.374063804000059],[102.42453292600004,14.396715585000038],[102.48216208500008,14.405230971000037],[102.48562964300004,14.465401272000065]]]}},{"type":"Feature","properties":{"code":"301418","name":"สุขเกษม","parentCode":"3014"},"geometry":{"type":"Polygon","coordinates":[[[101.93484562100008,14.706779347000065],[101.90085384800005,14.694040908000034],[101.90973720500006,14.670205360000068],[101.93293631700004,14.635827950000078],[101.95202130900009,14.650366058000031],[101.93484562100008,14.706779347000065]]]}},{"type":"Feature","properties":{"code":"300305","name":"สุขไพบูลย์","parentCode":"3003"},"geometry":{"type":"Polygon","coordinates":[[[102.49550168100006,14.56480209600005],[102.47115154600004,14.614545631000055],[102.43141045800007,14.591941144000032],[102.38773765300004,14.484091251000052],[102.37967548900008,14.463585375000036],[102.44519344600008,14.481481970000061],[102.48562964300004,14.465401272000065],[102.49840115800004,14.505107620000047],[102.49550168100006,14.56480209600005]]]}},{"type":"Feature","properties":{"code":"301801","name":"สูงเนิน","parentCode":"3018"},"geometry":{"type":"Polygon","coordinates":[[[101.82854010300008,14.918107464000059],[101.81946583400008,14.922514526000043],[101.78442758700004,14.898425406000058],[101.81487715000009,14.89252304300004],[101.81574399300007,14.801813424000045],[101.85607094300008,14.801336371000048],[101.87646906200007,14.852343432000055],[101.87827896900006,14.904995234000069],[101.86377745900006,14.902839718000052],[101.82854010300008,14.918107464000059]]]}},{"type":"Feature","properties":{"code":"300120","name":"สุรนารี","parentCode":"3001"},"geometry":{"type":"Polygon","coordinates":[[[102.04471161200007,14.948938369000075],[102.02900521800007,14.953612922000048],[102.00592866300008,14.943781350000052],[101.99042901800004,14.839077044000021],[102.03384524800003,14.843416803000025],[102.03814562900004,14.874268209000036],[102.04646733400006,14.913416939000058],[102.04471161200007,14.948938369000075]]]}},{"type":"Feature","properties":{"code":"300404","name":"ตาจั่น","parentCode":"3004"},"geometry":{"type":"Polygon","coordinates":[[[102.40909362300005,15.341024176000076],[102.36714713900005,15.35096268500007],[102.34431696400009,15.280884428000036],[102.35716428700005,15.278707869000073],[102.41841199000004,15.273013444000071],[102.45159690300005,15.319113813000058],[102.40909362300005,15.341024176000076]]]}},{"type":"Feature","properties":{"code":"300211","name":"ตะแบกบาน","parentCode":"3002"},"geometry":{"type":"Polygon","coordinates":[[[102.38773765300004,14.484091251000052],[102.32707067100006,14.493203251000068],[102.31219511300009,14.493536884000036],[102.30480800600009,14.470204761000048],[102.34569896200009,14.419650678000039],[102.37873884800007,14.422370302000047],[102.37967548900008,14.463585375000036],[102.38773765300004,14.484091251000052]]]}},{"type":"Feature","properties":{"code":"300805","name":"ตะเคียน","parentCode":"3008"},"geometry":{"type":"Polygon","coordinates":[[[101.73286505900006,15.17891032500006],[101.68627611700003,15.168902045000038],[101.63932545700004,15.186794510000027],[101.68510230400005,15.070763818000046],[101.71356817900005,15.075211255000056],[101.78699661100006,15.05132915200005],[101.80651293300008,15.06833068900005],[101.75800819500006,15.112752339000053],[101.73286505900006,15.17891032500006]]]}},{"type":"Feature","properties":{"code":"301405","name":"ตะขบ","parentCode":"3014"},"geometry":{"type":"Polygon","coordinates":[[[101.86341221500004,14.704611370000066],[101.83612039600007,14.687297224000076],[101.71783167900008,14.723605970000051],[101.70790801300006,14.685369887000036],[101.73233027200007,14.644260046000056],[101.75999592900007,14.60313872000006],[101.78715111000008,14.608526849000043],[101.75706689400005,14.55016426900005],[101.76808867400007,14.517493998000077],[101.78194343400008,14.508723546000056],[101.83528745900009,14.515910943000051],[101.82195100000007,14.554742176000047],[101.85882364500009,14.586380855000073],[101.85479851300005,14.620613233000029],[101.90973720500006,14.670205360000068],[101.90085384800005,14.694040908000034],[101.89560888900007,14.717457075000027],[101.86341221500004,14.704611370000066]]]}},{"type":"Feature","properties":{"code":"301402","name":"ตะคุ","parentCode":"3014"},"geometry":{"type":"Polygon","coordinates":[[[101.97903116900005,14.816066952000028],[101.96838141800004,14.822995040000023],[101.89093519600004,14.758232667000073],[101.89560888900007,14.717457075000027],[101.90085384800005,14.694040908000034],[101.93484562100008,14.706779347000065],[101.99222565800005,14.716000928000028],[101.99951285600008,14.749284758000044],[101.97903116900005,14.816066952000028]]]}},{"type":"Feature","properties":{"code":"301609","name":"ตะโก","parentCode":"3016"},"geometry":{"type":"Polygon","coordinates":[[[102.71235635100004,15.051615651000077],[102.66922197200006,15.04352934700006],[102.67750949300006,14.999018554000031],[102.73687164700004,15.001079278000077],[102.74838499400005,15.003998980000063],[102.71235635100004,15.051615651000077]]]}},{"type":"Feature","properties":{"code":"300122","name":"ตลาด","parentCode":"3001"},"geometry":{"type":"Polygon","coordinates":[[[102.17080668800008,14.996052883000061],[102.17089685700006,15.070896524000034],[102.14741733100004,15.022665807000067],[102.13770933000006,15.002726765000034],[102.12817898800006,14.983171665000043],[102.15569307100009,14.991731855000069],[102.17080100300007,14.995947735000072],[102.17080668800008,14.996052883000061]]]}},{"type":"Feature","properties":{"code":"301306","name":"ตลาดไทร","parentCode":"3013"},"geometry":{"type":"Polygon","coordinates":[[[102.78057649100003,15.563569599000061],[102.74634620300009,15.56119203000003],[102.75088288500007,15.50474147600005],[102.77615135600007,15.488355001000059],[102.81661755900006,15.512488240000039],[102.78057649100003,15.563569599000061]]]}},{"type":"Feature","properties":{"code":"301705","name":"ตลาดไทร","parentCode":"3017"},"geometry":{"type":"Polygon","coordinates":[[[102.86029018700003,15.205147284000077],[102.77893768800004,15.220539163000069],[102.77547674300007,15.198141552000038],[102.79635636900008,15.178326096000035],[102.74050225900004,15.097555949000025],[102.74359671200006,15.09324500300005],[102.76268729900005,15.080976399000065],[102.78182104500007,15.093984133000049],[102.84663912800005,15.165993448000052],[102.86820616500006,15.16592947600003],[102.86029018700003,15.205147284000077]]]}},{"type":"Feature","properties":{"code":"301003","name":"โตนด","parentCode":"3010"},"geometry":{"type":"Polygon","coordinates":[[[102.31260526400007,15.090725084000042],[102.29894026100004,15.117085932000066],[102.25131021900006,15.094650982000076],[102.23327302500007,15.084126854000033],[102.26195470600004,15.03719542500005],[102.26962000800006,15.037129242000049],[102.31260526400007,15.090725084000042]]]}},{"type":"Feature","properties":{"code":"300703","name":"ท่าอ่าง","parentCode":"3007"},"geometry":{"type":"Polygon","coordinates":[[[102.21523651900009,14.83628335900005],[102.13565271100003,14.859656876000031],[102.10386992200006,14.836313671000028],[102.14176206700006,14.804311548000044],[102.19970019800007,14.783970915000054],[102.20008384800008,14.785264320000067],[102.21523651900009,14.83628335900005]]]}},{"type":"Feature","properties":{"code":"300706","name":"ท่าจะหลุง","parentCode":"3007"},"geometry":{"type":"Polygon","coordinates":[[[102.23759298500005,14.91345188200006],[102.22830407800006,14.91832742400004],[102.20873387500006,14.901675928000031],[102.21441077200006,14.856130115000042],[102.28521335100004,14.805820408000045],[102.32079107800007,14.856298552000055],[102.31452416500008,14.867344355000057],[102.23759298500005,14.91345188200006]]]}},{"type":"Feature","properties":{"code":"303202","name":"ท่าช้าง","parentCode":"3032"},"geometry":{"type":"Polygon","coordinates":[[[102.26962000800006,15.037129242000049],[102.26195470600004,15.03719542500005],[102.24728720000007,15.017950099000075],[102.25520114300008,14.987279061000038],[102.32968185700008,14.937437115000023],[102.37684526600003,14.913696299000037],[102.39500210200003,14.983922883000048],[102.37198709500007,15.014984201000061],[102.33691097600007,15.011227335000058],[102.29094059300007,15.002019801000074],[102.27934811900008,15.030809859000044],[102.26962000800006,15.037129242000049]]]}},{"type":"Feature","properties":{"code":"301703","name":"ท่าลาด","parentCode":"3017"},"geometry":{"type":"Polygon","coordinates":[[[102.77893768800004,15.220539163000069],[102.80320022000006,15.261252961000025],[102.76437284300005,15.315143058000046],[102.75161378400009,15.305052285000045],[102.69579975400006,15.307471855000074],[102.66193978000007,15.257663132000062],[102.66874129000007,15.189614471000027],[102.77547674300007,15.198141552000038],[102.77893768800004,15.220539163000069]]]}},{"type":"Feature","properties":{"code":"300705","name":"ท่าลาดขาว","parentCode":"3007"},"geometry":{"type":"Polygon","coordinates":[[[102.18673350200004,14.675018826000041],[102.16793933500009,14.714760459000047],[102.16382967000004,14.712108342000022],[102.13498905700004,14.694849458000022],[102.13110154300006,14.639915644000041],[102.15707284100006,14.615277569000057],[102.18445726900006,14.669019051000078],[102.18673350200004,14.675018826000041]]]}},{"type":"Feature","properties":{"code":"301505","name":"ท่าหลวง","parentCode":"3015"},"geometry":{"type":"Polygon","coordinates":[[[102.59784152900005,15.287250804000053],[102.55944462000008,15.333708413000068],[102.51826490100007,15.26389619500003],[102.49038694100005,15.267678939000064],[102.52814607800008,15.236103674000049],[102.56576378300008,15.249630582000066],[102.59784152900005,15.287250804000053]]]}},{"type":"Feature","properties":{"code":"300707","name":"ท่าเยี่ยม","parentCode":"3007"},"geometry":{"type":"Polygon","coordinates":[[[102.27899282500005,14.764744764000056],[102.20008384800008,14.785264320000067],[102.19970019800007,14.783970915000054],[102.21179087900003,14.744827778000058],[102.18673350200004,14.675018826000041],[102.18445726900006,14.669019051000078],[102.26353716000006,14.654612821000057],[102.26719925300006,14.677533867000022],[102.27949253100007,14.759738275000075],[102.27899282500005,14.764744764000056]]]}},{"type":"Feature","properties":{"code":"302203","name":"ไทยเจริญ","parentCode":"3022"},"geometry":{"type":"Polygon","coordinates":[[[102.45129284800004,14.770757626000034],[102.41826034200005,14.774111274000063],[102.41742565100009,14.725291949000052],[102.41740960800007,14.725221470000065],[102.46040148700007,14.710581949000073],[102.47240317000006,14.763253047000035],[102.45129284800004,14.770757626000034]]]}},{"type":"Feature","properties":{"code":"302505","name":"ไทยสามัคคี","parentCode":"3025"},"geometry":{"type":"Polygon","coordinates":[[[102.05990725900006,14.432851824000068],[101.99897124000006,14.408902494000074],[101.89346427400005,14.443050663000065],[101.86278273500005,14.422266550000074],[101.86632815700005,14.366260668000052],[101.91716364600006,14.332197686000029],[101.96655498700005,14.227819210000064],[102.01951771400007,14.248988323000049],[102.00289152700009,14.284027711000022],[102.06602455000007,14.348795825000025],[102.05990725900006,14.432851824000068]]]}},{"type":"Feature","properties":{"code":"301511","name":"ธารละหลอด","parentCode":"3015"},"geometry":{"type":"Polygon","coordinates":[[[102.43362210700008,15.17341196700005],[102.37760382000005,15.185989497000037],[102.37021721000008,15.153816103000054],[102.37883908500004,15.13382933500003],[102.38672764800003,15.126167468000062],[102.44198915800007,15.166685336000057],[102.43362210700008,15.17341196700005]]]}},{"type":"Feature","properties":{"code":"301006","name":"ธารปราสาท","parentCode":"3010"},"geometry":{"type":"Polygon","coordinates":[[[102.41841199000004,15.273013444000071],[102.35716428700005,15.278707869000073],[102.36676339500008,15.212465813000051],[102.42112075200004,15.244815625000058],[102.41841199000004,15.273013444000071]]]}},{"type":"Feature","properties":{"code":"300909","name":"ถนนโพธิ์","parentCode":"3009"},"geometry":{"type":"Polygon","coordinates":[[[102.13706052800006,15.30871503700007],[102.11061793400006,15.311642902000074],[102.10085920700004,15.308068884000022],[102.13541391500007,15.244401989000039],[102.17560280300006,15.231194450000032],[102.17469514600003,15.241365039000073],[102.15885422000008,15.279384082000036],[102.13706052800006,15.30871503700007]]]}},{"type":"Feature","properties":{"code":"302804","name":"ทัพรั้ง","parentCode":"3028"},"geometry":{"type":"Polygon","coordinates":[[[102.00999897700007,15.458219990000032],[101.93736260000009,15.456432178000057],[101.91101479800005,15.433449114000041],[101.90037409600006,15.410647078000068],[101.95719805500005,15.358150666000029],[102.00294205800009,15.339704373000075],[102.04439690300006,15.365501903000052],[102.01558912900003,15.448778994000065],[102.00999897700007,15.458219990000032]]]}},{"type":"Feature","properties":{"code":"301602","name":"ทับสวาย","parentCode":"3016"},"geometry":{"type":"Polygon","coordinates":[[[102.66105750900005,15.047294824000062],[102.59841409200004,15.030236499000068],[102.60062670900004,15.001950673000067],[102.67750949300006,14.999018554000031],[102.66922197200006,15.04352934700006],[102.66105750900005,15.047294824000062]]]}},{"type":"Feature","properties":{"code":"300403","name":"เทพาลัย","parentCode":"3004"},"geometry":{"type":"Polygon","coordinates":[[[102.47482399000006,15.404416062000053],[102.43235321100008,15.404504945000042],[102.40309195500004,15.400473585000043],[102.44897837600007,15.385076898000023],[102.40909362300005,15.341024176000076],[102.45159690300005,15.319113813000058],[102.48035815200006,15.337122610000051],[102.52772232900008,15.37213117400006],[102.50045220800007,15.395509810000021],[102.47482399000006,15.404416062000053]]]}},{"type":"Feature","properties":{"code":"301417","name":"ธงชัยเหนือ","parentCode":"3014"},"geometry":{"type":"Polygon","coordinates":[[[102.08746657100005,14.799909409000065],[102.03384524800003,14.843416803000025],[101.99042901800004,14.839077044000021],[101.97903116900005,14.816066952000028],[101.99951285600008,14.749284758000044],[102.05778904800007,14.736153896000076],[102.08746657100005,14.799909409000065]]]}},{"type":"Feature","properties":{"code":"300603","name":"ทองหลาง","parentCode":"3006"},"geometry":{"type":"Polygon","coordinates":[[[102.36354704900003,15.085773606000032],[102.34469673500007,15.087870427000041],[102.31821284300008,15.060269223000034],[102.33691097600007,15.011227335000058],[102.37198709500007,15.014984201000061],[102.38858745100003,15.059779616000071],[102.36354704900003,15.085773606000032]]]}},{"type":"Feature","properties":{"code":"300704","name":"ทุ่งอรุณ","parentCode":"3007"},"geometry":{"type":"Polygon","coordinates":[[[102.18445726900006,14.669019051000078],[102.15707284100006,14.615277569000057],[102.17097929200008,14.592144570000073],[102.23531101400005,14.608607899000049],[102.27010664500006,14.61342772100005],[102.26353716000006,14.654612821000057],[102.18445726900006,14.669019051000078]]]}},{"type":"Feature","properties":{"code":"301315","name":"ทุ่งสว่าง","parentCode":"3013"},"geometry":{"type":"Polygon","coordinates":[[[102.72603623600008,15.500401087000057],[102.70921626700004,15.526451251000026],[102.64402056200004,15.484069527000031],[102.65412661400006,15.469725476000065],[102.70801302300003,15.485578481000061],[102.72603623600008,15.500401087000057]]]}},{"type":"Feature","properties":{"code":"301409","name":"ตูม","parentCode":"3014"},"geometry":{"type":"Polygon","coordinates":[[[101.99222565800005,14.716000928000028],[101.93484562100008,14.706779347000065],[101.95202130900009,14.650366058000031],[101.93293631700004,14.635827950000078],[101.94949877700009,14.607826700000032],[101.97118038100007,14.639179099000046],[101.99324720200008,14.713428734000047],[101.99222565800005,14.716000928000028]]]}},{"type":"Feature","properties":{"code":"302504","name":"อุดมทรัพย์","parentCode":"3025"},"geometry":{"type":"Polygon","coordinates":[[[102.01300534900008,14.57899907600006],[101.89297622600009,14.535123655000064],[101.85695782500005,14.499153548000038],[101.89346427400005,14.443050663000065],[101.99897124000006,14.408902494000074],[102.05990725900006,14.432851824000068],[102.04036569100003,14.478830564000077],[102.04732133500005,14.545312240000044],[102.01300534900008,14.57899907600006]]]}},{"type":"Feature","properties":{"code":"302404","name":"วังหิน","parentCode":"3024"},"geometry":{"type":"Polygon","coordinates":[[[102.60825700600009,15.530932244000041],[102.53641502300007,15.534367970000062],[102.52696070800005,15.480795817000057],[102.59239380600008,15.479946478000045],[102.60825700600009,15.530932244000041]]]}},{"type":"Feature","properties":{"code":"302104","name":"วังกะทะ","parentCode":"3021"},"geometry":{"type":"Polygon","coordinates":[[[101.68040675800006,14.582187145000034],[101.62153088300005,14.564822770000035],[101.57333868500007,14.633797166000022],[101.57176172300007,14.620093216000043],[101.53858303500004,14.559195805000058],[101.59141454500008,14.498124377000067],[101.62011731600006,14.516961267000056],[101.64631448800009,14.485965704000023],[101.71660105800004,14.455367241000033],[101.74396271900008,14.50082044800007],[101.68040675800006,14.582187145000034]]]}},{"type":"Feature","properties":{"code":"301304","name":"วังไม้แดง","parentCode":"3013"},"geometry":{"type":"Polygon","coordinates":[[[102.66662522000007,15.715343160000032],[102.59780691900005,15.712458140000024],[102.60281505100005,15.66979133600006],[102.61731840100003,15.639766786000052],[102.65689865700006,15.636934989000054],[102.66662522000007,15.715343160000032]]]}},{"type":"Feature","properties":{"code":"302502","name":"วังหมี","parentCode":"3025"},"geometry":{"type":"Polygon","coordinates":[[[101.78194343400008,14.508723546000056],[101.76808867400007,14.517493998000077],[101.74396271900008,14.50082044800007],[101.71660105800004,14.455367241000033],[101.64631448800009,14.485965704000023],[101.64727909400006,14.425921576000064],[101.62278523200007,14.42772321800004],[101.64896708500004,14.392524232000028],[101.74154679000009,14.308390174000067],[101.74857184100006,14.348843730000056],[101.72471235700004,14.40744898500003],[101.80096268000005,14.43975501500006],[101.78194343400008,14.508723546000056]]]}},{"type":"Feature","properties":{"code":"302501","name":"วังน้ำเขียว","parentCode":"3025"},"geometry":{"type":"Polygon","coordinates":[[[101.85695782500005,14.499153548000038],[101.83528745900009,14.515910943000051],[101.78194343400008,14.508723546000056],[101.80096268000005,14.43975501500006],[101.72471235700004,14.40744898500003],[101.74857184100006,14.348843730000056],[101.83852297400006,14.352468843000054],[101.87660972500004,14.323127611000075],[101.91716364600006,14.332197686000029],[101.86632815700005,14.366260668000052],[101.86278273500005,14.422266550000074],[101.89346427400005,14.443050663000065],[101.85695782500005,14.499153548000038]]]}},{"type":"Feature","properties":{"code":"300502","name":"วังโพธิ์","parentCode":"3005"},"geometry":{"type":"Polygon","coordinates":[[[102.13183026700005,15.541165792000072],[102.12123284700004,15.60061709200005],[102.07462755300008,15.586111998000035],[102.11441720500005,15.542186550000054],[102.13183026700005,15.541165792000072]]]}},{"type":"Feature","properties":{"code":"302008","name":"วังโรงใหญ่","parentCode":"3020"},"geometry":{"type":"Polygon","coordinates":[[[101.57805615400008,15.097169248000057],[101.49494198600007,15.111628434000068],[101.56684187100007,15.071618840000042],[101.60532664900006,15.027679426000077],[101.61674135700008,15.051491962000057],[101.68195930300004,15.007310475000054],[101.71356817900005,15.075211255000056],[101.68510230400005,15.070763818000046],[101.63150243500007,15.097982667000053],[101.57805615400008,15.097169248000057]]]}},{"type":"Feature","properties":{"code":"302111","name":"วังไทร","parentCode":"3021"},"geometry":{"type":"Polygon","coordinates":[[[101.58980853800006,14.754579127000056],[101.54854139200006,14.776333692000037],[101.54218635500007,14.732027510000023],[101.50355837600006,14.67812579100007],[101.56142213100009,14.650986841000076],[101.64261460100005,14.680442493000044],[101.64179574700006,14.717208966000044],[101.58980853800006,14.754579127000056]]]}},{"type":"Feature","properties":{"code":"302604","name":"วังยายทอง","parentCode":"3026"},"geometry":{"type":"Polygon","coordinates":[[[101.54318008600006,15.402361373000076],[101.51073940200007,15.392914462000022],[101.50069985400006,15.356443951000074],[101.46073486600005,15.350565231000076],[101.49093033400004,15.31811417800003],[101.57754254000008,15.333516759000076],[101.56605521700004,15.37196061800006],[101.54318008600006,15.402361373000076]]]}}]}